replicate,generation,off.nbr,off.nbfem,off.nbmal,off.density,off.dvar,adlt.nbr,adlt.nbfem,adlt.nbmal,adlt.density,adlt.dvar,extrate,off.delfreq,off.delhmz,off.delhtz,off.delfix,off.delfixp,off.delsegr,off.delsegrp,off.delfst,off.lethequ,heterosis,load,adlt.delfreq,adlt.delhmz,adlt.delhtz,adlt.delfix,adlt.delfixp,adlt.delsegr,adlt.delsegrp,adlt.delfst,adlt.lethequ,heterosis,load,off.viab,off.viab.outb,off.viab.outw,off.viab.hsib,off.viab.fsib,off.viab.self,off.prop.outb,off.prop.outw,off.prop.hsibs,off.prop.fsibs,off.prop.self,adlt.viab,adlt.viab.outb,adlt.viab.outw,adlt.viab.hsib,adlt.viab.fsib,adlt.viab.self,adlt.prop.outb,adlt.prop.outw,adlt.prop.hsibs,adlt.prop.fsibs,adlt.prop.self,off.disp,off.fdisp,off.mdisp,adlt.disp,adlt.fdisp,adlt.mdisp,off.allnbp,off.allnb,off.fixlocp,off.fixloc,off.ho,off.hsnei,off.htnei,off.fis,off.fst,off.fit,adlt.allnbp,adlt.allnb,adlt.fixlocp,adlt.fixloc,adlt.ho,adlt.hsnei,adlt.htnei,adlt.fis,adlt.fst,adlt.fit
1,1,2120,216.8,207.2,2.12,0.00922,1000,100,100,1,0,0,8.49057e-05,0,0.000169811,0,0,30,7.2,0.00203438,3.07824e-05,nan,0.016,0,0,0,0,0,0,0,-nan,0,nan,0.016,0.999974,nan,0.999974,nan,nan,nan,0,1,0,0,0,1,1,nan,nan,nan,nan,1,0,0,0,0,0.503027,0.493709,0.512776,0.505109,0.503294,0.506925,12,12,0,0,0.914906,0.914052,0.91626,-0.000933567,0.00240984,0.00147852,12,12,0,0,0.91695,0.916516,0.916696,-0.000473307,0.000195932,-0.000277283
1,10,1615,201.25,202.5,2.01875,0.0186297,800,100,100,1,0,0.2,0.000959752,6.19195e-06,0.00190712,0,0,62,26,-0.00528424,0.00375064,-0.000456621,0.00535714,0.000775,0,0.00155,0,0,49,20,0.000829579,0.00249747,-0.000456621,0.00535714,0.999335,0.99926,0.999503,nan,1,nan,0.690402,0.308359,0,0.00123839,0,0.999412,0.999323,0.999619,1,1,nan,0.7025,0.295,0.00125,0.00125,0,0.499644,0.501586,0.497713,0.507329,0.515219,0.499439,12,12,0,0,0.913065,0.910904,0.912869,-0.00237259,0.00215274,-0.000214738,12,12,0,0,0.912687,0.913039,0.913316,0.000384574,0.000303765,0.000688222
1,20,2020,201,203,2.02,0.00177,989,97.8,100,0.989,0.000484,0,0.00186386,1.48515e-05,0.00369802,0,0,71,36,0.00142188,0.0101715,-0.00380783,0.0145857,0.00174419,0,0.00348837,0,0,58,30.6,0.000714459,0.00884173,-0.00380783,0.0145857,0.998664,0.998431,0.999056,1,0.997636,nan,0.615842,0.377228,0.000990099,0.00594059,0,0.998968,0.998923,0.999035,1,1,nan,0.644085,0.349848,0.00101112,0.00505561,0,0.531074,0.530368,0.531773,0.534145,0.532769,0.535491,12,12,0,0,0.908886,0.904866,0.90702,-0.00444285,0.00237496,-0.00205734,12,12,0,0,0.910415,0.90733,0.907498,-0.00340005,0.000185457,-0.00321396
1,30,1999,199.4,200.4,1.999,0.008594,998,100,99.6,0.998,1.6e-05,0,0.00285893,2.001e-05,0.00567784,0,0,82,44,0.00257131,0.0177976,0.00720898,0.0252333,0.00273547,2.00401e-05,0.00543086,0,0,65,39.8,0.000131647,0.0146733,0.00720898,0.0252333,0.997919,0.99838,0.997065,0.999993,nan,nan,0.637319,0.357179,0.00550275,0,0,0.99824,0.99824,0.998208,0.999999,1,nan,0.704409,0.290581,0.001002,0.00400802,0,0.538882,0.541166,0.536609,0.540265,0.533895,0.546662,12,12,0,0,0.904052,0.899825,0.902116,-0.00469751,0.00253896,-0.00214662,12,12,0,0,0.904609,0.902425,0.902895,-0.00241995,0.000519994,-0.0018987
1,40,1959,199,192.8,1.959,0.009994,1000,100,100,1,0,0,0.00386677,8.6779e-05,0.00755998,0,0,83,47.2,0.00198855,0.0236143,-0.00378973,0.0193524,0.003895,0.00011,0.00757,0,0,74,44,0.00133512,0.0256165,-0.00378973,0.0193524,0.998509,0.99854,0.998471,1,0.996252,nan,0.699336,0.295048,0.000510465,0.00510465,0,0.998491,0.998526,0.998457,0.995511,0.999961,nan,0.681,0.31,0.006,0.003,0,0.513829,0.521425,0.505989,0.502552,0.524478,0.480626,11.99,12,0,0,0.897473,0.895066,0.897209,-0.00268946,0.00238831,-0.000294727,11.99,12,0,0,0.8978,0.89728,0.897666,-0.000579921,0.000430123,-0.000149549
1,50,1939,187.4,200.4,1.939,0.008464,1000,100,100,1,0,0,0.00450232,0.000113461,0.00877772,0,0,86,49.6,0.00126791,0.0108153,-0.000127951,0.0268818,0.004275,0.0001,0.00835,0,0,76,48.2,0.000252409,0.00982822,-0.000127951,0.0268818,0.998435,0.998479,0.998345,0.984189,0.999952,nan,0.678185,0.317174,0.00051573,0.00412584,0,0.998514,0.998437,0.998674,nan,nan,nan,0.674,0.326,0,0,0,0.519063,0.551455,0.488772,0.528854,0.564831,0.492877,11.94,11.95,0,0,0.891516,0.890833,0.892854,-0.00076743,0.00226381,0.00149812,11.94,11.95,0,0,0.8935,0.893482,0.893654,-2.03877e-05,0.000192466,0.000172082
1,60,1998,198.6,201,1.998,0.003746,1000,100,100,1,0,0,0.0056031,0.000125125,0.010956,0,0,78,52,0.00136768,0.025854,-0.00270056,0.029269,0.005565,0.00019,0.01075,0,0,75,50.8,-0.000268138,0.023736,-0.00270056,0.029269,0.997652,0.997825,0.997268,0.999985,1,nan,0.667167,0.328328,0.0015015,0.003003,0,0.997659,0.997693,0.997534,0.999953,0.99989,nan,0.729,0.267,0.001,0.003,0,0.526254,0.569656,0.48337,0.525523,0.557367,0.493679,11.95,11.95,0,0,0.890916,0.887291,0.889327,-0.00408562,0.00228972,-0.00178655,11.95,11.95,0,0,0.8856,0.889015,0.889328,0.00384113,0.000352418,0.0041922
1,70,1972,195.8,198.6,1.972,0.006276,1000,100,100,1,0,0,0.00663032,0.000147059,0.0129665,0,0,79,52.6,0.0047352,0.035731,-0.0026406,0.0221667,0.00642,0.00013,0.01258,0,0,75,50,0.000749075,0.0344883,-0.0026406,0.0221667,0.998318,0.998379,0.998133,0.999916,0.999778,nan,0.740365,0.257606,0.0010142,0.0010142,0,0.998282,0.998052,0.998744,0.999871,nan,nan,0.673,0.323,0.004,0,0,0.524123,0.5755,0.473471,0.526102,0.581758,0.470446,11.89,11.9,0,0,0.891658,0.883748,0.88587,-0.00895024,0.00239433,-0.00653449,11.89,11.9,0,0,0.8852,0.885722,0.885973,0.000589049,0.000283122,0.000872004
1,80,2004,203.8,197,2.004,0.003974,1000,100,100,1,0,0,0.00722804,0.000184631,0.0140868,0,0,84,55.8,0.00237528,0.0354124,0.00979702,0.0188524,0.00714,0.00019,0.0139,0,0,72,54.6,0.000218423,0.0318543,0.00979702,0.0188524,0.997611,0.997919,0.99686,nan,1,nan,0.707585,0.291916,0,0.000499002,0,0.997788,0.997608,0.998136,1,1,nan,0.665,0.333,0.001,0.001,0,0.533612,0.572206,0.493686,0.526742,0.560126,0.493358,11.79,11.85,0,0,0.882485,0.87887,0.881108,-0.00411384,0.00254102,-0.00156237,11.79,11.85,0,0,0.881,0.880791,0.881459,-0.000237623,0.000757764,0.00052032
1,90,2041,206.8,201.4,2.041,0.006554,1000,100,100,1,0,0,0.00731259,0.000132288,0.0143606,0,0,84,61.4,0.00080289,0.0227323,1.43215e-05,0.0209722,0.007165,0.00015,0.01403,0,0,80,59.8,0.000179652,0.0185576,1.43215e-05,0.0209722,0.998348,0.998364,0.998297,0.999915,nan,nan,0.743753,0.255757,0.000489956,0,0,0.998455,0.998423,0.99855,0.997639,nan,nan,0.724,0.272,0.004,0,0,0.566516,0.592381,0.539958,0.561412,0.61056,0.512265,11.72,11.8,0,0,0.878662,0.875767,0.877774,-0.00330621,0.00228627,-0.00101238,11.73,11.8,0,0,0.87715,0.877745,0.877964,0.000677416,0.000249636,0.000926883
1,100,2067,210.8,202.6,2.067,0.008526,1000,100,100,1,0,0,0.008776,0.000232221,0.0170876,0,0,86,59.6,0.00435664,0.0239652,0.00319425,0.0227333,0.00854,0.00027,0.01654,0,0,80,58.2,0.000505956,0.0237218,0.00319425,0.0227333,0.998144,0.998095,0.998364,0.999925,0.99351,nan,0.768747,0.225931,0.00193517,0.00338655,0,0.99812,0.998105,0.998157,0.996473,1,nan,0.72,0.278,0.001,0.001,0,0.569017,0.607158,0.529331,0.570165,0.607543,0.532787,11.49,11.65,0,0,0.874383,0.871901,0.873954,-0.00284721,0.0023491,-0.000491422,11.5,11.65,0,0,0.8772,0.873881,0.874056,-0.00379854,0.000200677,-0.0035971
2,1,2059,194.6,217.2,2.059,0.006214,1000,100,100,1,0,0,6.79942e-05,0,0.000135988,0,0,22,5,-0.0100425,0.000119653,nan,0.01,0,0,0,0,0,0,0,-nan,0,nan,0.01,0.999968,nan,0.999968,nan,nan,nan,0,1,0,0,0,1,1,nan,nan,nan,nan,1,0,0,0,0,0.499877,0.511918,0.489089,0.501209,0.502018,0.500401,12,12,0,0,0.916343,0.914389,0.916142,-0.00213701,0.00191413,-0.000218791,12,12,0,0,0.9156,0.916584,0.916631,0.00107333,5.13455e-05,0.00112462
2,10,1929,190,195.8,1.929,0.012814,1000,100,100,1,0,0,0.000982374,0,0.00196475,0,0,67,25.2,0.00942746,0.00623337,-0.000639014,0.0316222,0.00082,0,0.00164,0,0,48,20.4,0.00041634,0.00485934,-0.000639014,0.0316222,0.99893,0.998745,0.99933,1,0.999618,nan,0.685848,0.310005,0.00103681,0.00311042,0,0.999061,0.99914,0.998896,nan,0.998534,nan,0.687,0.307,0,0.006,0,0.527345,0.517926,0.536486,0.527921,0.527578,0.528265,12,12,0,0,0.909824,0.909513,0.911849,-0.000341573,0.00256182,0.00222112,12,12,0,0,0.91055,0.911881,0.912295,0.0014591,0.000454187,0.00191263
2,20,2028,203,202.6,2.028,0.004256,1000,100,100,1,0,0,0.00206607,1.97239e-05,0.0040927,0,0,78,41,0.0012772,0.00886513,0.00435263,0.0234357,0.001915,4e-05,0.00375,0,0,68,37.6,-0.000137877,0.0086309,0.00435263,0.0234357,0.997887,0.997722,0.998304,1,nan,nan,0.719921,0.279093,0.000986193,0,0,0.99786,0.997629,0.998472,0.997714,nan,nan,0.725,0.274,0.001,0,0,0.544728,0.550493,0.538952,0.54489,0.548538,0.541242,12,12,0,0,0.909837,0.905642,0.907839,-0.00463201,0.00241999,-0.00220081,12,12,0,0,0.91055,0.907838,0.908075,-0.0029878,0.000261102,-0.00272592
2,30,1979,197.4,198.4,1.979,0.004944,1000,100,100,1,0,0,0.00257453,1.01061e-05,0.00512885,0,0,76,40.8,0.00368018,0.0112935,0.00232918,0.0243333,0.002395,0,0.00479,0,0,69,40.2,0.000394683,0.00922717,0.00232918,0.0243333,0.998236,0.998496,0.997547,1,1,nan,0.718039,0.278929,0.00252653,0.000505306,0,0.998404,0.998318,0.998645,0.999991,nan,nan,0.741,0.258,0.001,0,0,0.554345,0.575858,0.532939,0.559293,0.572005,0.54658,12,12,0,0,0.903916,0.901741,0.903608,-0.00241186,0.00206564,-0.000341233,12,12,0,0,0.90475,0.903767,0.903927,-0.00108799,0.000177402,-0.000910398
2,40,1992,200.6,197.8,1.992,0.008276,1000,100,100,1,0,0,0.00381275,3.51406e-05,0.00755522,0,0,87,52.2,-0.00196877,0.0266935,0.0036705,0.0133556,0.00375,5e-05,0.0074,0,0,80,50.4,-6.70063e-05,0.0251196,0.0036705,0.0133556,0.996957,0.996911,0.997085,0.999268,nan,nan,0.740462,0.259036,0.000502008,0,0,0.996685,0.996589,0.997107,0.995763,nan,nan,0.807,0.19,0.003,0,0,0.586194,0.605777,0.566334,0.57974,0.597397,0.562083,11.95,11.95,0,0,0.901983,0.898149,0.90019,-0.00426898,0.00226748,-0.00199183,11.96,12,0,0,0.9036,0.900454,0.900695,-0.00349391,0.000267942,-0.00322503
2,50,1210,208.667,194.667,2.01667,0.00308889,600,100,100,1,0,0.4,0.00470661,5.78512e-05,0.00929752,0,0,70,50.3333,0.000804825,0.0233053,0.000721974,0.0247778,0.00454167,5e-05,0.00898333,0,0,66,51.3333,0.000265829,0.0235161,0.000721974,0.0247778,0.996077,0.996256,0.995504,nan,nan,nan,0.76281,0.23719,0,0,0,0.995913,0.996123,0.995352,nan,1,nan,0.718333,0.28,0,0.00166667,0,0.578449,0.597871,0.55763,0.585693,0.598022,0.573363,11.9,11.95,0,0,0.89905,0.893357,0.894755,-0.00637206,0.00156266,-0.00479944,11.9167,11.95,0,0,0.893417,0.895844,0.895748,0.00270933,-0.000106406,0.00260321
2,60,1991,197.8,200.4,1.991,0.005694,995,100,99,0.995,0.0001,0,0.00601959,0.000170768,0.0116976,0,0,80,50.4,0.0020841,0.0279261,0.00212189,0.0285468,0.0058794,0.000231156,0.0112965,0,0,75,51.6,0.000708636,0.0275464,0.00212189,0.0285468,0.993239,0.993374,0.992854,nan,1,nan,0.685585,0.310397,0,0.00401808,0,0.993321,0.993364,0.993221,0.998006,nan,nan,0.668342,0.330653,0.00100503,0,0,0.565665,0.60155,0.530246,0.566714,0.597849,0.535265,11.89,11.95,0,0,0.889704,0.886685,0.888746,-0.00340479,0.00231987,-0.00107702,11.91,11.95,0,0,0.890553,0.889027,0.889234,-0.0017162,0.000233063,-0.00148274
2,70,2032,197.6,208.8,2.032,0.006406,1000,100,100,1,0,0,0.00717766,0.000167323,0.0140207,0,0,81,53.2,0.00137366,0.0260265,-0.00121258,0.0242167,0.007125,0.00026,0.01373,0,0,70,52.4,-0.000400977,0.0253448,-0.00121258,0.0242167,0.994179,0.994114,0.994376,0.963231,0.999436,nan,0.74065,0.256398,0.000492126,0.00246063,0,0.99376,0.993852,0.993561,nan,0.994437,nan,0.671,0.324,0,0.005,0,0.578499,0.609298,0.549353,0.581802,0.616425,0.547178,11.78,11.9,0,0,0.879429,0.881073,0.883156,0.00186628,0.00235798,0.00421986,11.8,11.9,0,0,0.88665,0.883496,0.883788,-0.00356965,0.000329989,-0.00323848
2,80,1958,187.4,204.2,1.958,0.007266,1000,100,100,1,0,0,0.0083427,0.000301328,0.0160827,0,0,81,57.8,0.00504279,0.028791,0.00598506,0.0208286,0.00808,0.00025,0.01566,0,0,76,55.4,0.000936183,0.0276146,0.00598506,0.0208286,0.994201,0.994009,0.994775,0.985368,0.999991,nan,0.74668,0.252298,0.000510725,0.000510725,0,0.994285,0.994103,0.994663,0.967805,nan,nan,0.628,0.371,0.001,0,0,0.568111,0.617637,0.522661,0.568647,0.615844,0.52145,11.74,11.8,0,0,0.878422,0.877197,0.879204,-0.00139654,0.00228338,0.000890033,11.75,11.8,0,0,0.8772,0.879838,0.8802,0.00299807,0.000411553,0.00340839
2,90,1938,194.6,193,1.938,0.001936,1000,100,100,1,0,0,0.00811662,0.000242518,0.0157482,0,0,85,58.6,0.00343174,0.0222135,0.000448074,0.0259714,0.00824,0.00019,0.0161,0,0,78,58,0.000785755,0.0216646,0.000448074,0.0259714,0.996058,0.995844,0.996628,nan,nan,nan,0.726006,0.273994,0,0,0,0.996326,0.996115,0.996836,0.999835,nan,nan,0.715,0.283,0.002,0,0,0.575533,0.642116,0.508398,0.572257,0.639095,0.505419,11.65,11.8,0,0,0.871698,0.86846,0.870715,-0.00372813,0.00259003,-0.00112844,11.66,11.8,0,0,0.87055,0.870606,0.870881,6.45019e-05,0.000315399,0.000379881
2,100,1968,194.8,198.8,1.968,0.009126,1000,100,100,1,0,0,0.00889482,0.000299797,0.01719,0,0,88,60.2,0.00129767,0.0247159,-0.00335893,0.0197667,0.008855,0.00039,0.01693,0,0,78,58.8,-0.000112388,0.0254163,-0.00335893,0.0197667,0.995548,0.995438,0.995831,0.995868,0.993886,nan,0.713923,0.280996,0.00355691,0.00152439,0,0.995535,0.995562,0.995325,0.999432,0.999468,nan,0.71,0.28,0.005,0.005,0,0.569444,0.632459,0.507696,0.572181,0.636181,0.508181,11.47,11.55,0,0,0.866667,0.863711,0.865709,-0.0034217,0.00230761,-0.00110619,11.49,11.55,0,0,0.8651,0.866721,0.866855,0.0018701,0.000154486,0.0020243
3,1,2007,201,200.4,2.007,0.009366,1000,100,100,1,0,0,0.000102143,0,0.000204285,0,0,32,7.8,0.00458169,0.000975959,nan,0.018,0,0,0,0,0,0,0,-nan,0,nan,0.018,0.999917,nan,0.999917,nan,nan,nan,0,1,0,0,0,1,1,nan,nan,nan,nan,1,0,0,0,0,0.492199,0.489706,0.494699,0.502183,0.51331,0.491057,12,12,0,0,0.915845,0.914499,0.916196,-0.00147119,0.00185176,0.000383296,12,12,0,0,0.9134,0.916745,0.916643,0.00364902,-0.000111555,0.00353788
3,10,2019,212.4,191.4,2.019,0.000594,1000,100,100,1,0,0,0.00104012,4.95295e-06,0.00207033,0,0,68,25.6,0.00331518,0.00731346,-0.00063012,0.0185,0.00096,0,0.00192,0,0,54,23.4,0.00075694,0.0058933,-0.00063012,0.0185,0.999279,0.999345,0.99912,0.999921,0.999901,nan,0.690441,0.305597,0.00297177,0.000990589,0,0.999285,0.999322,0.999185,1,1,nan,0.685,0.307,0.005,0.003,0,0.517137,0.508604,0.526607,0.517271,0.50388,0.530662,12,12,0,0,0.910376,0.909687,0.911921,-0.000757759,0.00245013,0.00169423,12,12,0,0,0.9148,0.911914,0.91224,-0.00316483,0.000357191,-0.00280651
3,20,1554,190.5,198,1.9425,0.0249312,800,100,100,1,0,0.2,0.00188867,1.287e-05,0.00375161,0,0,70,38,0.00131394,0.0103454,-0.00342075,0.0277083,0.0019625,0,0.003925,0,0,58,35.75,0.000221071,0.0111568,-0.00342075,0.0277083,0.998624,0.998768,0.998321,1,0.996742,nan,0.675676,0.323037,0.000643501,0.000643501,0,0.998632,0.998579,0.998695,1,1,nan,0.63,0.3625,0.00375,0.00375,0,0.504706,0.488332,0.52046,0.497986,0.480376,0.515597,12,12,0,0,0.906467,0.906149,0.908182,-0.000351139,0.00223889,0.00188854,12,12,0,0,0.907563,0.908214,0.90858,0.00071773,0.000402432,0.00111987
3,30,1982,203.6,192.8,1.982,0.007466,1000,100,100,1,0,0,0.00292381,3.02725e-05,0.00578708,0,0,75,40.8,-0.00109019,0.0139807,-0.00124844,0.021,0.002845,5e-05,0.00559,0,0,63,37.8,0.000425205,0.0158536,-0.00124844,0.021,0.997802,0.997813,0.997774,0.999933,0.996336,nan,0.699294,0.295156,0.0025227,0.00302725,0,0.997928,0.998061,0.997621,nan,nan,nan,0.698,0.302,0,0,0,0.505473,0.475146,0.537498,0.50429,0.463989,0.544591,12,12,0,0,0.903507,0.900957,0.902893,-0.00282969,0.00214443,-0.00067919,12,12,0,0,0.9057,0.903084,0.903398,-0.00289725,0.000348563,-0.00254768
3,40,1960,193.4,198.6,1.96,0.00959,1000,100,100,1,0,0,0.00447194,7.65306e-05,0.00879082,0,0,83,50.8,0.00221417,0.0176442,-0.0009272,0.0209,0.004425,5e-05,0.00875,0,0,76,50,0.000528775,0.0183051,-0.0009272,0.0209,0.9973,0.997131,0.997708,0.998668,0.971951,nan,0.689796,0.306633,0.00306122,0.000510204,0,0.99723,0.997237,0.997224,0.999801,0.995471,nan,0.7,0.296,0.001,0.003,0,0.481651,0.434113,0.527945,0.478136,0.428912,0.52736,12,12,0,0,0.900587,0.897266,0.899833,-0.00370055,0.00285204,-0.000837953,12,12,0,0,0.9001,0.900215,0.900721,0.000127273,0.000561846,0.000689048
3,50,1944,195,193.8,1.944,0.005194,1000,100,100,1,0,0,0.00555813,0.000128601,0.0108591,0,0,83,54.2,0.00326052,0.0227652,0.00102147,0.027419,0.00538,0.00019,0.01038,0,0,73,53,0.000418771,0.0197421,0.00102147,0.027419,0.996006,0.995859,0.996323,0.997088,0.999555,nan,0.69393,0.302984,0.00205761,0.00102881,0,0.996301,0.996337,0.996168,0.999606,1,nan,0.685,0.31,0.003,0.002,0,0.502568,0.441016,0.564501,0.503092,0.439868,0.566316,11.99,12,0,0,0.898534,0.892503,0.894651,-0.00675763,0.00240075,-0.00434066,11.99,12,0,0,0.89445,0.894661,0.895008,0.000236326,0.000387571,0.000623806
3,60,2075,218,197,2.075,0.00443,1000,100,100,1,0,0,0.00621205,0.000120482,0.0121831,0,0,78,55,0.00193557,0.0293025,-0.00398377,0.013069,0.006315,0.0001,0.01243,0,0,70,53.6,0.000273418,0.0335217,-0.00398377,0.013069,0.995691,0.995961,0.995205,nan,0.98741,nan,0.678072,0.318554,0,0.00337349,0,0.995546,0.995635,0.996253,0.999865,0.85199,nan,0.695,0.3,0.003,0.002,0,0.471338,0.421955,0.525985,0.492128,0.446876,0.53738,11.92,12,0,0,0.895229,0.89191,0.894035,-0.00372064,0.00237604,-0.00133576,11.93,12,0,0,0.89265,0.894308,0.894547,0.00185357,0.000267336,0.00212041
3,70,1943,198.6,190,1.943,0.008006,1000,100,100,1,0,0,0.00718477,0.000344828,0.0136799,0,0,85,60.4,0.00097608,0.0277359,0.00171339,0.0229,0.00693,0.0002,0.01346,0,0,80,58.2,0.000780797,0.0270789,0.00171339,0.0229,0.996027,0.995979,0.996076,0.999822,0.999351,nan,0.669068,0.3263,0.00205867,0.00257334,0,0.996094,0.99621,0.995917,0.999932,0.986779,nan,0.662,0.329,0.005,0.004,0,0.494809,0.464674,0.526308,0.492234,0.458358,0.526111,11.84,12,0,0,0.889089,0.888013,0.890122,-0.00121135,0.00236936,0.00116087,11.88,12,0,0,0.88955,0.890015,0.890448,0.000522548,0.000486289,0.00100858
3,80,1326,157.5,174,1.6575,0.157831,709,83,94.25,0.88625,0.0133172,0.2,0.00766968,0.000369532,0.0146003,0,0,79,54.75,-0.00306706,0.0441178,-0.00766382,0.018396,0.00814528,0.000352609,0.0155853,0,0,74,56,-0.00580132,0.0487279,-0.00766382,0.018396,0.996938,0.996612,0.997441,0.997321,0.999602,nan,0.608597,0.386124,0.00452489,0.000754148,0,0.99649,0.996444,0.996544,0.999519,0.999823,nan,0.665726,0.330042,0.00282087,0.00141044,0,0.485427,0.451707,0.51595,0.500732,0.451222,0.544333,11.75,11.85,0,0,0.890121,0.882169,0.884539,-0.00901383,0.00267921,-0.00631047,11.775,11.85,0,0,0.888505,0.885098,0.885159,-0.00384887,6.8811e-05,-0.00377979
3,90,1975,192.8,202.2,1.975,0.00825,1000,100,100,1,0,0,0.00854177,0.000313924,0.0164557,0,0,83,53,0.00182077,0.0489426,0.0123329,0.0304357,0.00859,0.00042,0.01634,0,0,73,51.8,0.000942959,0.053451,0.0123329,0.0304357,0.99596,0.995791,0.996386,0.992534,0.998463,nan,0.694177,0.297722,0.00506329,0.00303797,0,0.996053,0.995834,0.996555,nan,0.994223,nan,0.684,0.312,0,0.004,0,0.487113,0.466841,0.506442,0.479329,0.457732,0.500926,11.68,11.8,0,0,0.87719,0.877334,0.879348,0.000164156,0.0022904,0.00245418,11.68,11.8,0,0,0.88185,0.879866,0.88019,-0.00225437,0.000367942,-0.0018856
3,100,1540,187.25,197.75,1.925,0.0066125,800,100,100,1,0,0.2,0.00832792,0.000305195,0.0160455,0,0,79,54.75,0.00409254,0.0524431,-0.00149333,0.0283502,0.00829375,0.000375,0.0158375,0,0,76,54.25,0.00138816,0.0546199,-0.00149333,0.0283502,0.995206,0.995319,0.994952,0.998138,0.994937,nan,0.647403,0.343506,0.00519481,0.0038961,0,0.9953,0.996048,0.993692,nan,0.999523,nan,0.67625,0.32125,0,0.0025,0,0.470565,0.456802,0.483598,0.465438,0.442515,0.48836,11.4375,11.65,0,0,0.873214,0.871041,0.873328,-0.00249487,0.00261887,0.00013054,11.5,11.65,0,0,0.88025,0.873959,0.874538,-0.00719881,0.000663072,-0.00653096
4,1,2012,200.2,202.2,2.012,0.003356,1000,100,100,1,0,0,9.44334e-05,0,0.000188867,0,0,33,7.4,0.00589252,0.000579245,nan,0.014,0,0,0,0,0,0,0,-nan,0,nan,0.014,0.999933,nan,0.999933,nan,nan,nan,0,1,0,0,0,1,1,nan,nan,nan,nan,1,0,0,0,0,0.493674,0.479232,0.507972,0.499732,0.489644,0.509821,12,12,0,0,0.915258,0.914534,0.916266,-0.000792036,0.0018897,0.00109916,12,12,0,0,0.9172,0.91677,0.916767,-0.000468654,-3.36117e-06,-0.000472017
4,10,1972,193.4,201,1.972,0.002906,1000,100,100,1,0,0,0.000966024,5.07099e-06,0.00192191,0,0,65,24.8,0.00236533,0.00201864,0,0.008,0.00087,1e-05,0.00172,0,0,51,21.2,0.000614115,0.00144211,0,0.008,0.999317,0.999387,0.999204,0.991061,1,nan,0.685598,0.312373,0.0015213,0.000507099,0,0.999437,0.999574,0.999244,0.982494,1,nan,0.682,0.314,0.002,0.002,0,0.468555,0.460488,0.476317,0.468937,0.463137,0.474737,12,12,0,0,0.909635,0.910407,0.912493,0.000848481,0.00228512,0.00313166,12,12,0,0,0.90975,0.912509,0.91268,0.00302386,0.000186717,0.00321001
4,20,1927,196.4,189,1.927,0.004486,1000,100,100,1,0,0,0.00206539,2.59471e-05,0.00407888,0,0,73,35.2,0.00095384,0.00475229,-0.00218231,0.0154,0.002035,1e-05,0.00405,0,0,60,31.8,0.000792849,0.00372797,-0.00218231,0.0154,0.998308,0.998444,0.998063,0.999994,0.995884,nan,0.663726,0.329528,0.00155682,0.00518941,0,0.998499,0.99853,0.998412,0.999465,nan,nan,0.666,0.326,0.008,0,0,0.467726,0.458808,0.476992,0.473673,0.463347,0.483999,12,12,0,0,0.903191,0.906075,0.908233,0.00318202,0.00237686,0.00555132,12,12,0,0,0.9104,0.908199,0.908553,-0.00242307,0.000389138,-0.00203299
4,30,1988,203.8,193.8,1.988,0.004206,1000,100,100,1,0,0,0.00260312,1.00604e-05,0.00518612,0,0,78,41.2,0.00400757,0.0119572,-0.00118605,0.0181667,0.00244,2e-05,0.00484,0,0,72,39.4,0.000650066,0.0109179,-0.00118605,0.0181667,0.99729,0.997498,0.996815,0.997009,0.998026,nan,0.680584,0.30835,0.00301811,0.00804829,0,0.996961,0.996604,0.997668,0.993129,0.99067,nan,0.632,0.362,0.003,0.003,0,0.464179,0.471697,0.456272,0.465822,0.463159,0.468484,12,12,0,0,0.904225,0.902283,0.904834,-0.00215307,0.00281967,0.000672668,12,12,0,0,0.9041,0.904713,0.90543,0.000678051,0.000790974,0.00146849
4,40,1540,194.75,190.25,1.925,0.0096375,790,98,99.5,0.9875,0.00046875,0.2,0.00408442,6.49351e-05,0.00803896,0,0,70,44.75,-0.000169005,0.0213679,0.00653673,0.0191101,0.00398101,2.53165e-05,0.00791139,0,0,70,44.5,0.00152749,0.0206004,0.00653673,0.0191101,0.994958,0.994728,0.995329,nan,0.991794,nan,0.601948,0.395455,0,0.0025974,0,0.994795,0.994158,0.995837,0.988891,nan,nan,0.605063,0.391139,0.00379747,0,0,0.471926,0.517099,0.425684,0.475181,0.521101,0.429953,12,12,0,0,0.902955,0.898465,0.900493,-0.00499742,0.00225271,-0.00273346,12,12,0,0,0.896139,0.900513,0.900879,0.00485667,0.000406918,0.00526161
4,50,1970,197.4,196.6,1.97,0.00991,1000,100,100,1,0,0,0.00472335,5.07614e-05,0.00934518,0,0,75,46.4,0.00125385,0.0225637,0.00359529,0.0258468,0.004575,6e-05,0.00903,0,0,69,45.2,0.000144747,0.0236608,0.00359529,0.0258468,0.994332,0.994478,0.994084,0.990768,1,nan,0.672589,0.319289,0.0071066,0.00101523,0,0.994061,0.99394,0.994375,0.986998,0.999016,nan,0.715,0.283,0.001,0.001,0,0.496379,0.537809,0.45478,0.489202,0.523448,0.454956,11.97,12,0,0,0.897792,0.891841,0.893976,-0.00667239,0.00238763,-0.00426882,11.99,12,0,0,0.89915,0.893999,0.894188,-0.00576119,0.000210473,-0.00554951
4,60,1875,191.2,183.8,1.875,0.00203,1000,100,100,1,0,0,0.00508533,6.4e-05,0.0100427,0,0,79,51.4,0.00203107,0.0284495,-0.00238663,0.0176667,0.004825,4e-05,0.00957,0,0,71,48.6,0.00081583,0.0273897,-0.00238663,0.0176667,0.99478,0.994929,0.994562,0.988466,0.991738,nan,0.677333,0.317333,0.0048,0.000533333,0,0.994973,0.995027,0.994853,nan,nan,nan,0.687,0.313,0,0,0,0.488305,0.525,0.450132,0.48792,0.519354,0.456486,11.94,12,0,0,0.886693,0.887531,0.889612,0.000944117,0.00233865,0.00328056,11.95,12,0,0,0.89185,0.889247,0.889675,-0.00292665,0.000480692,-0.00244455
4,70,1998,198.2,201.4,1.998,0.014296,1000,100,100,1,0,0,0.00534284,0.0001001,0.0104855,0,0,80,51.2,0.000829903,0.0219934,-0.00252321,0.0173667,0.005235,8e-05,0.01031,0,0,73,49,0.000304557,0.0229403,-0.00252321,0.0173667,0.995422,0.995484,0.995294,nan,0.995496,nan,0.673674,0.324324,0,0.002002,0,0.995238,0.995412,0.994834,nan,nan,nan,0.7,0.3,0,0,0,0.516937,0.535062,0.499101,0.504487,0.524189,0.484785,11.77,11.9,0,0,0.881757,0.881764,0.883855,8.0141e-06,0.00236592,0.00237391,11.77,11.9,0,0,0.8821,0.883916,0.884283,0.00205402,0.000415125,0.00246829
4,80,1996,201,198.2,1.996,0.010814,1000,100,100,1,0,0,0.0061523,0.000235471,0.0118337,0,0,80,51.6,0.00759718,0.0155673,0.00442868,0.0282333,0.00605,0.00014,0.01182,0,0,72,50.2,0.000289125,0.0145558,0.00442868,0.0282333,0.995103,0.995002,0.99529,0.998301,1,nan,0.694389,0.302605,0.001002,0.00200401,0,0.995142,0.995158,0.995108,nan,nan,nan,0.685,0.315,0,0,0,0.51511,0.512203,0.518058,0.508105,0.509044,0.507166,11.68,11.8,0,0,0.880286,0.876973,0.879056,-0.00377743,0.00237005,-0.00139842,11.69,11.8,0,0,0.8797,0.878685,0.878993,-0.00115551,0.000351068,-0.000804034
4,90,1908,188.2,193.4,1.908,0.004026,996,100,99.2,0.996,6.4e-05,0,0.0069392,0.000157233,0.0135639,0,0,80,56.8,0.000918795,0.0206223,0.00673108,0.0323524,0.00695281,6.0241e-05,0.0137851,0,0,72,55.2,0.000340883,0.0224334,0.00673108,0.0323524,0.994791,0.994535,0.995308,0.995638,0.999653,nan,0.681866,0.314465,0.00157233,0.00209644,0,0.994623,0.993862,0.996429,0.999959,0.99808,nan,0.710843,0.28012,0.00200803,0.00702811,0,0.524274,0.528551,0.520112,0.531301,0.541568,0.520951,11.37,11.6,0,0,0.866169,0.866805,0.868695,0.000733688,0.00217565,0.00290775,11.38,11.6,0,0,0.872791,0.869108,0.86941,-0.00423806,0.000347209,-0.00388938
4,100,1555,184,204.75,1.94375,0.0149047,800,100,100,1,0,0.2,0.00727974,0.000205788,0.0141479,0,0,75,53,0.000798585,0.0200774,-0.00788356,0.0183542,0.0071625,0.0003125,0.0137,0,0,68,52,0.000333493,0.0222299,-0.00788356,0.0183542,0.994983,0.994891,0.995206,0.999207,nan,nan,0.733762,0.264309,0.00192926,0,0,0.994715,0.994587,0.994901,nan,0.999995,nan,0.6925,0.30125,0,0.00625,0,0.521888,0.53544,0.509709,0.529643,0.530817,0.528469,11.3,11.5,0,0,0.868006,0.864735,0.866534,-0.00378274,0.00207544,-0.00169945,11.3125,11.45,0,0,0.866875,0.866463,0.866681,-0.000475929,0.000252066,-0.000223743
5,1,1994,195.6,203.2,1.994,0.004814,1000,100,100,1,0,0,0.000107823,0,0.000215647,0,0,31,8,-0.00579269,0.000777171,nan,0.022,0,0,0,0,0,0,0,-nan,0,nan,0.022,0.999903,nan,0.999903,nan,nan,nan,0,1,0,0,0,1,1,nan,nan,nan,nan,1,0,0,0,0,0.493992,0.494379,0.49362,0.497988,0.500419,0.495556,12,12,0,0,0.916851,0.914419,0.916165,-0.0026596,0.00190665,-0.000747878,12,12,0,0,0.91745,0.916658,0.916641,-0.000863827,-1.88271e-05,-0.00088267
5,10,2051,205.2,205,2.051,0.003664,1000,100,100,1,0,0,0.00115797,0,0.00231594,0,0,73,31.4,0.00273446,0.00448272,-0.00104275,0.00883333,0.001075,0,0.00215,0,0,62,26.4,0.000451677,0.0036374,-0.00104275,0.00883333,0.999263,0.999352,0.999048,1,1,nan,0.701121,0.296928,0.0014627,0.000487567,0,0.999358,0.99941,0.99924,nan,nan,nan,0.694,0.306,0,0,0,0.526442,0.495433,0.557481,0.512465,0.482068,0.542862,12,12,0,0,0.914773,0.910341,0.912344,-0.00486903,0.00219599,-0.00266235,12,12,0,0,0.91475,0.912196,0.912603,-0.00279944,0.000445609,-0.00235259
5,20,2013,200.8,201.8,2.013,0.007546,1000,100,100,1,0,0,0.00216592,4.96771e-06,0.00432191,0,0,72,38.4,0.000790988,0.0231926,0.00199816,0.0217889,0.001965,1e-05,0.00391,0,0,60,36,0.000157749,0.019841,0.00199816,0.0217889,0.998228,0.9983,0.99808,nan,1,nan,0.668157,0.331346,0,0.000496771,0,0.998209,0.998143,0.998299,1,0.999999,nan,0.632,0.363,0.003,0.002,0,0.499694,0.499381,0.500006,0.505946,0.501828,0.510064,12,12,0,0,0.903527,0.903878,0.906065,0.000388101,0.00241367,0.00280084,12,12,0,0,0.9039,0.90662,0.906801,0.00299999,0.000199763,0.00319915
5,30,1965,201.2,191.8,1.965,0.0086,1000,100,100,1,0,0,0.003743,4.58015e-05,0.0073944,0,0,81,47.2,0.00107759,0.022308,0.00584265,0.0385357,0.003605,1e-05,0.00719,0,0,67,44,8.02538e-05,0.0219375,0.00584265,0.0385357,0.997712,0.997675,0.997863,0.993101,0.998583,nan,0.656997,0.334351,0.00610687,0.00254453,0,0.99767,0.997629,0.997817,0.98754,1,nan,0.684,0.313,0.002,0.001,0,0.490543,0.47307,0.508871,0.492973,0.478368,0.507578,11.99,12,0,0,0.903308,0.89926,0.901162,-0.00450113,0.00211009,-0.00238154,12,12,0,0,0.90625,0.901552,0.901835,-0.00521114,0.000314434,-0.00489507
5,40,1958,198.4,193.2,1.958,0.012206,1000,100,100,1,0,0,0.00404239,3.06435e-05,0.00802349,0,0,75,46,-0.000803879,0.022378,0.00021687,0.0236667,0.00397,4e-05,0.00786,0,0,74,46.4,0.000563785,0.0228366,0.00021687,0.0236667,0.998068,0.99815,0.997886,nan,1,nan,0.68284,0.316139,0,0.00102145,0,0.997947,0.99792,0.998005,0.996105,0.999454,nan,0.683,0.312,0.002,0.003,0,0.508293,0.4977,0.519171,0.499941,0.495055,0.504826,11.99,12,0,0,0.894995,0.893532,0.895765,-0.00163734,0.00249339,0.000860133,11.99,12,0,0,0.8936,0.8961,0.896427,0.00279001,0.00036492,0.00315391
5,50,1607,203,198.75,2.00875,0.00280469,800,100,100,1,0,0.2,0.00516179,0.000143124,0.0100373,0,0,77,51.5,-0.000402484,0.0254005,-0.000449097,0.0161071,0.00494375,5e-05,0.0097875,0,0,66,46.25,1.04259e-05,0.0291861,-0.000449097,0.0161071,0.99738,0.997041,0.998209,nan,1,nan,0.710019,0.289359,0,0.000622278,0,0.997561,0.997432,0.99779,0.999965,0.999273,nan,0.67,0.32375,0.0025,0.00375,0,0.513773,0.521658,0.50572,0.510342,0.497923,0.522762,11.95,12,0,0,0.885128,0.887601,0.889552,0.00278678,0.0021935,0.00497417,11.975,12,0,0,0.889813,0.889685,0.890123,-0.000143853,0.000492615,0.000348833
5,60,1634,204.25,204.25,2.0425,0.00956875,800,100,100,1,0,0.2,0.00624847,0.000165239,0.0121665,0,0,77,51.75,0.00466515,0.0276474,-0.00318281,0.0245863,0.00606875,0.0001875,0.0117625,0,0,70,50,7.11777e-05,0.026152,-0.00318281,0.0245863,0.996532,0.996103,0.997052,0.999681,0.999774,nan,0.561812,0.433293,0.000611995,0.00428397,0,0.99676,0.99653,0.997356,nan,0.983187,nan,0.6575,0.33875,0,0.00375,0,0.460558,0.47998,0.441137,0.460288,0.472091,0.448485,11.9125,11.95,0,0,0.884241,0.88191,0.884136,-0.00264314,0.00251782,-0.000118658,11.9125,11.95,0,0,0.879062,0.884084,0.884578,0.00567938,0.000559411,0.00623561
5,70,1969,192.4,201.4,1.969,0.010574,1000,100,100,1,0,0,0.00775013,0.000319959,0.0148603,0,0,85,55,0.00418176,0.0244314,7.97341e-05,0.015769,0.007465,0.00031,0.01431,0,0,76,53.2,0.000290397,0.0232857,7.97341e-05,0.015769,0.995931,0.996109,0.995536,0.998732,0.999986,nan,0.658202,0.336719,0.00406298,0.00101574,0,0.995791,0.995076,0.997005,0.99974,0.998641,nan,0.639,0.352,0.003,0.006,0,0.481691,0.493649,0.470268,0.478303,0.496939,0.459668,11.83,11.9,0,0,0.878644,0.873208,0.875503,-0.00622538,0.00262126,-0.00358781,11.84,11.9,0,0,0.8691,0.87464,0.875182,0.00633426,0.000619573,0.00694991
5,80,2005,198.6,202.4,2.005,0.00281,980,100,96,0.98,0.0016,0,0.0087182,0.000433915,0.0165686,0,0,85,54.8,0.00406358,0.0209497,-0.00398689,0.0215833,0.00854082,0.000438776,0.0162041,0,0,75,52.6,0.001295,0.019514,-0.00398689,0.0215833,0.995265,0.995559,0.994752,0.999924,0.999994,nan,0.61995,0.377556,0.000997506,0.00149626,0,0.995571,0.995396,0.995935,0.974146,nan,nan,0.634694,0.364286,0.00102041,0,0,0.484802,0.509663,0.460409,0.48528,0.507754,0.461869,11.7,11.85,0,0,0.870873,0.870864,0.87316,-1.00903e-05,0.00263001,0.00261994,11.75,11.85,0,0,0.870357,0.873109,0.873532,0.00315182,0.000484634,0.00363492
5,90,2033,206.4,200.2,2.033,0.013906,1000,100,100,1,0,0,0.0106419,0.000585342,0.0201131,0,0,85,56.8,0.0015916,0.025103,0.00806645,0.0265968,0.010545,0.00053,0.02003,0,0,78,55,0.000983191,0.0234242,0.00806645,0.0265968,0.992846,0.993432,0.991661,0.999625,0.995485,nan,0.651746,0.341859,0.00147565,0.00491884,0,0.99302,0.993789,0.991176,0.998812,0.993861,nan,0.687,0.304,0.005,0.004,0,0.492997,0.51778,0.467447,0.493673,0.51381,0.473536,11.55,11.7,0,0,0.867093,0.866938,0.869302,-0.000179114,0.00272001,0.00254138,11.61,11.7,0,0,0.87055,0.868466,0.869053,-0.0023994,0.000675028,-0.00172275
5,100,2009,199,202.8,2.009,0.013444,1000,100,100,1,0,0,0.00994525,0.000403186,0.0190841,0,0,84,57.2,0.00421315,0.0284821,-0.00123297,0.031754,0.00971,0.00042,0.01858,0,0,77,55.8,0.000503993,0.0250617,-0.00123297,0.031754,0.992671,0.992738,0.992487,0.996611,nan,nan,0.658039,0.337481,0.00447984,0,0,0.992885,0.993128,0.992308,0.99943,nan,nan,0.66,0.335,0.005,0,0,0.477139,0.50618,0.448643,0.476452,0.508124,0.44478,11.41,11.6,0,0,0.861498,0.861269,0.863569,-0.00026645,0.00266373,0.00239799,11.45,11.55,0,0,0.8628,0.863923,0.864403,0.00130045,0.000554465,0.0018542
6,1,1971,190.8,203.4,1.971,0.017784,1000,100,100,1,0,0,0.000109082,0,0.000218163,0,0,38,8.4,0.0106784,0.00047377,nan,0.018,0,0,0,0,0,0,0,-nan,0,nan,0.018,0.999926,nan,0.999926,nan,nan,nan,0,1,0,0,0,1,1,nan,nan,nan,nan,1,0,0,0,0,0.507021,0.504108,0.509754,0.504722,0.505095,0.504348,12,12,0,0,0.914815,0.914296,0.916204,-0.000567723,0.00208233,0.00151579,12,12,0,0,0.9156,0.916745,0.916678,0.00124868,-7.28488e-05,0.00117593
6,10,1992,204.8,193.6,1.992,0.005856,1000,100,100,1,0,0,0.000903614,0,0.00180723,0,0,68,26.6,0.00123277,0.00310909,0.000706215,0.0163333,0.0009,0,0.0018,0,0,45,20.8,0.00046317,0.00486014,0.000706215,0.0163333,0.999647,0.999687,0.999671,0.990821,1,nan,0.648594,0.345382,0.00401606,0.00200803,0,0.999716,0.999711,0.999738,0.99883,0.998982,nan,0.729,0.268,0.001,0.002,0,0.507977,0.515336,0.500193,0.512005,0.515454,0.508556,12,12,0,0,0.911496,0.909772,0.911672,-0.00189548,0.00208461,0.000193085,12,12,0,0,0.91085,0.911811,0.912059,0.00105442,0.00027104,0.00132517
6,20,1990,197.6,200.4,1.99,0.00505,988,100,97.6,0.988,0.000576,0,0.00165578,2.01005e-05,0.00327136,0,0,66,31.4,0.00245006,0.0116001,0.000841737,0.0195,0.00155364,3.03644e-05,0.00304656,0,0,54,29,-0.000222806,0.0118503,0.000841737,0.0195,0.998997,0.998911,0.999172,1,0.996387,nan,0.649749,0.347739,0.000502513,0.00201005,0,0.99898,0.999075,0.99883,1,nan,nan,0.576923,0.415992,0.00708502,0,0,0.523272,0.510031,0.536328,0.522219,0.512196,0.532488,12,12,0,0,0.911357,0.905184,0.90723,-0.00681928,0.00225564,-0.00454826,12,12,0,0,0.908249,0.907362,0.907651,-0.000977823,0.00031907,-0.00065844
6,30,1969,202.2,191.6,1.969,0.005754,1000,100,100,1,0,0,0.00287963,3.04723e-05,0.00569832,0,0,76,41.2,0.00184235,0.0160329,-0.000392692,0.0176524,0.002815,2e-05,0.00559,0,0,67,39,6.86852e-05,0.0155634,-0.000392692,0.0176524,0.998249,0.99833,0.998047,0.999764,nan,nan,0.704926,0.29355,0.00152362,0,0,0.997901,0.997785,0.998272,0.987238,nan,nan,0.74,0.259,0.001,0,0,0.539763,0.512285,0.568761,0.54189,0.513327,0.570453,12,12,0,0,0.901143,0.900694,0.902767,-0.000498528,0.00229631,0.00179892,12,12,0,0,0.90705,0.903014,0.903295,-0.00446968,0.000310773,-0.00415752
6,40,1994,200.6,198.2,1.994,0.006224,1000,100,100,1,0,0,0.00320211,2.50752e-05,0.00635406,0,0,73,43,0.00065701,0.0187477,-0.000620732,0.0205,0.003065,3e-05,0.00607,0,0,64,41.2,-2.05941e-05,0.0149666,-0.000620732,0.0205,0.998783,0.998944,0.998468,0.994603,0.999985,nan,0.702608,0.288867,0.00601805,0.00250752,0,0.99876,0.99876,0.998763,nan,nan,nan,0.719,0.281,0,0,0,0.553633,0.535665,0.571818,0.549685,0.534623,0.564747,12,12,0,0,0.896339,0.896675,0.898905,0.000374771,0.0024803,0.00285415,12,12,0,0,0.89915,0.899104,0.899258,-5.14192e-05,0.000171986,0.000120576
6,50,1962,197.4,195,1.962,0.012986,1000,100,100,1,0,0,0.00420999,4.58716e-05,0.00832824,0,0,79,46.6,-0.0010825,0.0182249,0.000131471,0.0189152,0.004005,4e-05,0.00793,0,0,71,46,0.000330253,0.0184195,0.000131471,0.0189152,0.997754,0.9976,0.998172,0.999517,0.999932,nan,0.744139,0.250765,0.0030581,0.00203874,0,0.99795,0.99814,0.997385,nan,0.999573,nan,0.736,0.26,0,0.004,0,0.557545,0.545995,0.569237,0.549468,0.538032,0.560904,11.93,11.95,0,0,0.889959,0.891848,0.893913,0.00211768,0.00231028,0.00442308,11.94,12,0,0,0.89195,0.894675,0.89482,0.00304538,0.000162548,0.00320743
6,60,1523,191.25,189.5,1.90375,0.00239219,800,100,100,1,0,0.2,0.00473408,2.6264e-05,0.00941563,0,0,75,50.25,0.00466797,0.0294325,0.00113284,0.0225,0.0045875,8.75e-05,0.009,0,0,71,50.75,0.000624167,0.023283,0.00113284,0.0225,0.99784,0.99786,0.99788,1,0.981974,nan,0.717006,0.278398,0.0026264,0.0019698,0,0.997857,0.998114,0.997169,nan,nan,nan,0.7275,0.2725,0,0,0,0.570541,0.549726,0.591548,0.562667,0.539854,0.58548,11.875,11.95,0,0,0.888247,0.887072,0.889107,-0.00132476,0.00228871,0.00096698,11.875,11.95,0,0,0.887813,0.889669,0.889889,0.00208723,0.000246245,0.00233296
6,70,2030,195.2,210.8,2.03,0.00907,1000,100,100,1,0,0,0.00564286,7.38916e-05,0.0111379,0,0,87,55.2,0.00326896,0.0290836,0.00138435,0.0211667,0.00567,0.00011,0.01112,0,0,78,53.2,0.000225868,0.031988,0.00138435,0.0211667,0.996976,0.996847,0.99727,1,nan,nan,0.697537,0.30197,0.000492611,0,0,0.997008,0.997064,0.996879,1,0.998334,nan,0.672,0.326,0.001,0.001,0,0.576831,0.549106,0.602504,0.585044,0.569808,0.60028,11.81,11.9,0,0,0.882414,0.880696,0.882583,-0.00195002,0.00213711,0.000191254,11.81,11.9,0,0,0.8834,0.882442,0.882759,-0.00108524,0.000358825,-0.000726028
6,80,1978,196.6,199,1.978,0.015116,1000,100,100,1,0,0,0.00763903,0.000247725,0.0147826,0,0,81,58.6,0.00162484,0.0198385,0.00217958,0.0260857,0.007465,0.00017,0.01459,0,0,77,58.8,0.000433691,0.0201451,0.00217958,0.0260857,0.996158,0.99644,0.995538,0.990396,0.999923,nan,0.69363,0.303337,0.00202224,0.00101112,0,0.99674,0.996875,0.996454,nan,nan,nan,0.679,0.321,0,0,0,0.561938,0.557605,0.566219,0.553293,0.532845,0.573742,11.63,11.8,0,0,0.879626,0.876325,0.878338,-0.00376672,0.00229196,-0.00146613,11.67,11.8,0,0,0.8804,0.87877,0.878972,-0.00185489,0.000230178,-0.00162429
6,90,1996,201.6,197.6,1.996,0.015954,1000,100,100,1,0,0,0.00819639,0.000165331,0.0160621,0,0,90,65,-0.00153997,0.0293098,-0.00387113,0.01215,0.00821,0.00015,0.01612,0,0,77,61.8,0.000834502,0.0305974,-0.00387113,0.01215,0.995359,0.995383,0.995269,0.999896,0.999999,nan,0.640782,0.355711,0.001002,0.00250501,0,0.995722,0.996157,0.994535,0.999946,nan,nan,0.728,0.271,0.001,0,0,0.538478,0.532053,0.545034,0.54005,0.543986,0.536114,11.51,11.6,0,0,0.873622,0.871417,0.873263,-0.00253104,0.00211434,-0.000411353,11.51,11.6,0,0,0.87195,0.873476,0.873595,0.00174676,0.000136902,0.00188342
6,100,2006,195.6,205.6,2.006,0.010864,1000,100,100,1,0,0,0.00824028,0.000299103,0.0158824,0,0,85,60.6,0.00333735,0.0232873,0.00808261,0.0278357,0.008215,0.00021,0.01601,0,0,78,59.8,0.000265553,0.0232758,0.00808261,0.0278357,0.994647,0.99455,0.996192,0.968276,0.856365,nan,0.677468,0.319043,0.000498504,0.00299103,0,0.995773,0.995997,0.995079,0.998247,0.999999,nan,0.73,0.264,0.003,0.003,0,0.517311,0.509079,0.525143,0.535202,0.526914,0.54349,11.26,11.4,0,0,0.871236,0.868496,0.870619,-0.00315552,0.00243904,-0.000708787,11.26,11.4,0,0,0.8726,0.871034,0.871258,-0.00179752,0.000256254,-0.00154081
7,1,2022,200,204.4,2.022,0.006936,1000,100,100,1,0,0,9.14936e-05,0,0.000182987,0,0,32,7.2,0.0156706,0.000321583,nan,0.0283333,0,0,0,0,0,0,0,-nan,0,nan,0.0283333,0.999947,nan,0.999947,nan,nan,nan,0,1,0,0,0,1,1,nan,nan,nan,nan,1,0,0,0,0,0.509227,0.51226,0.506259,0.499386,0.494681,0.504091,12,12,0,0,0.919016,0.914349,0.916215,-0.00510407,0.0020362,-0.00305749,12,12,0,0,0.91675,0.916804,0.916651,5.93333e-05,-0.000167668,-0.000108324
7,10,2028,202,203.6,2.028,0.002906,1000,100,100,1,0,0,0.000865385,0,0.00173077,0,0,57,23.2,0.00289212,0.00565044,-0.000475285,0.0104,0.00078,0,0.00156,0,0,49,19.8,0.000297051,0.00712193,-0.000475285,0.0104,0.999659,0.999623,0.999761,0.998291,1,nan,0.732249,0.265779,0.000986193,0.000986193,0,0.999676,0.999736,0.999519,0.999948,1,nan,0.716,0.279,0.004,0.001,0,0.559975,0.584409,0.535733,0.55738,0.581767,0.532992,12,12,0,0,0.910971,0.909606,0.911579,-0.00150155,0.00216523,0.000666929,12,12,0,0,0.91515,0.91206,0.912178,-0.00338774,0.000129069,-0.00325823
7,20,1959,195.4,196.4,1.959,0.010724,957,97.2,94.2,0.957,0.002796,0,0.00223839,1.02093e-05,0.00445636,0,0,75,42.2,-0.00256064,0.0103161,-0.00409707,0.025125,0.00218913,3.1348e-05,0.00431557,0,0,66,40.6,-0.0032503,0.00986812,-0.00409707,0.025125,0.998896,0.998814,0.999039,1,0.996043,nan,0.625319,0.370597,0.00255232,0.00153139,0,0.998949,0.99914,0.998921,0.99301,0.992446,nan,0.640543,0.341693,0.00522466,0.0125392,0,0.5624,0.603233,0.521775,0.568065,0.615108,0.519524,12,12,0,0,0.903675,0.902912,0.905307,-0.000845871,0.00264602,0.00180239,12,12,0,0,0.898015,0.905251,0.905673,0.00799337,0.000466098,0.00845574
7,30,2001,194.8,205.4,2.001,0.008224,1000,100,100,1,0,0,0.00276362,1.49925e-05,0.00549725,0,0,81,42.8,0.000564672,0.0282029,0,0.01,0.002775,5e-05,0.00545,0,0,72,42,0.000470035,0.0249242,0,0.01,0.9985,0.998483,0.998581,0.992529,nan,nan,0.731634,0.266867,0.00149925,0,0,0.998491,0.998432,0.998633,0.999989,0.99943,nan,0.739,0.255,0.004,0.002,0,0.569375,0.589036,0.550729,0.565741,0.586716,0.544766,12,12,0,0,0.902324,0.899295,0.901396,-0.00336844,0.00233173,-0.00102885,12,12,0,0,0.89965,0.901495,0.901678,0.00204643,0.000202645,0.00224866
7,40,1628,210.25,196.75,2.035,0.0155125,800,100,100,1,0,0.2,0.00280405,3.6855e-05,0.0055344,0,0,72,41.25,4.45988e-05,0.018997,-0.00379075,0.0197708,0.002825,6.25e-05,0.005525,0,0,60,38.25,-2.44339e-05,0.0182721,-0.00379075,0.0197708,0.998213,0.998107,0.99861,nan,0.991856,nan,0.721744,0.273342,0,0.004914,0,0.99811,0.997953,0.998564,1,0.999766,nan,0.7525,0.2425,0.00125,0.00375,0,0.567832,0.585862,0.548565,0.569093,0.586534,0.551653,12,12,0,0,0.896775,0.896227,0.897974,-0.000611105,0.0019453,0.00133539,12,12,0,0,0.898375,0.898342,0.898447,-3.65344e-05,0.000117092,8.05621e-05
7,50,1515,186.75,192,1.89375,0.00432969,800,100,100,1,0,0.2,0.00471947,3.9604e-05,0.00935974,0,0,76,54,0.00346875,0.0451498,-4.43357e-05,0.0177917,0.00455,5e-05,0.009,0,0,73,53,0.000393215,0.0437923,-4.43357e-05,0.0177917,0.996634,0.99627,0.997583,1,0.999021,nan,0.727393,0.268647,0.000660066,0.00330033,0,0.997245,0.997407,0.996767,1,nan,nan,0.74,0.25875,0.00125,0,0,0.565251,0.567292,0.563266,0.565936,0.561349,0.570522,11.975,12,0,0,0.890924,0.890323,0.892332,-0.000674688,0.00225045,0.00157728,11.9875,12,0,0,0.892938,0.892711,0.893144,-0.00025366,0.00048419,0.000230653
7,60,1980,198,198,1.98,0.00502,1000,100,100,1,0,0,0.00613636,0.000131313,0.0120101,0,0,90,58.4,0.00307279,0.0573158,0.00803527,0.0148667,0.00588,0.00015,0.01146,0,0,84,56.4,0.000462743,0.0537171,0.00803527,0.0148667,0.996463,0.99645,0.996465,nan,0.999931,nan,0.758586,0.238889,0,0.00252525,0,0.995738,0.99575,0.995646,0.999565,0.99683,nan,0.737,0.257,0.003,0.003,0,0.576535,0.585939,0.567132,0.580723,0.592087,0.569359,11.97,12,0,0,0.890202,0.887441,0.889503,-0.00311135,0.00231878,-0.00078536,11.98,12,0,0,0.8908,0.889785,0.88986,-0.00114123,8.49423e-05,-0.00105619
7,70,1597,197,202.25,1.99625,0.0125797,800,100,100,1,0,0.2,0.00623356,0.000112711,0.0122417,0,0,80,57.5,0.00247203,0.0468869,-0.00242687,0.0393363,0.006275,0.0001375,0.012275,0,0,79,58.25,6.08995e-05,0.050687,-0.00242687,0.0393363,0.996648,0.99646,0.997237,0.998607,0.999723,nan,0.762054,0.236068,0.000626174,0.00125235,0,0.996678,0.996958,0.995879,nan,0.999321,nan,0.72875,0.2675,0,0.00375,0,0.57451,0.58737,0.561984,0.566545,0.584945,0.548146,11.8875,11.95,0,0,0.883375,0.881882,0.883709,-0.00169302,0.0020677,0.000378183,11.9125,11.95,0,0,0.88375,0.884317,0.8845,0.000641056,0.000206666,0.00084759
7,80,1963,200.8,191.8,1.963,0.005486,1000,100,100,1,0,0,0.00694855,0.000117168,0.0136628,0,0,86,59.6,0.00179085,0.0267922,0.000482226,0.0248318,0.00696,3e-05,0.01386,0,0,77,56.8,-0.000126481,0.0268273,0.000482226,0.0248318,0.997132,0.99702,0.99742,0.999885,0.99999,nan,0.735609,0.261844,0.0020377,0.000509424,0,0.996836,0.996722,0.997106,1,0.999765,nan,0.724,0.273,0.001,0.002,0,0.568113,0.587657,0.547652,0.568849,0.584842,0.552855,11.78,11.95,0,0,0.88026,0.874984,0.87692,-0.00602906,0.00220677,-0.00380899,11.81,11.95,0,0,0.87655,0.87724,0.87748,0.000787073,0.00027287,0.00105973
7,90,2012,196.6,205.8,2.012,0.008096,1000,100,100,1,0,0,0.00838469,0.000149105,0.0164712,0,0,76,55,0.00173732,0.0336246,-0.000326558,0.0320024,0.00815,0.00026,0.01578,0,0,72,56.2,0.000408997,0.0316987,-0.000326558,0.0320024,0.99796,0.99797,0.997896,0.999972,0.999999,nan,0.724652,0.270378,0.00347913,0.00149105,0,0.99824,0.998323,0.998002,0.999942,0.998577,nan,0.707,0.285,0.005,0.003,0,0.591587,0.622136,0.562404,0.592736,0.61608,0.569392,11.78,11.85,0,0,0.868216,0.868622,0.87077,0.000467958,0.00246663,0.00293343,11.8,11.85,0,0,0.87365,0.871331,0.871801,-0.00266199,0.000539662,-0.00212089
7,100,1959,199.6,192.2,1.959,0.006864,1000,100,100,1,0,0,0.00862175,0.000183767,0.016876,0,0,84,61.2,0.0020052,0.0232449,-0.00232607,0.0138333,0.008695,0.00028,0.01683,0,0,78,59.6,-8.56875e-05,0.0222959,-0.00232607,0.0138333,0.997788,0.997816,0.997764,0.996793,0.995742,nan,0.674324,0.316998,0.00612557,0.00255232,0,0.99777,0.997898,0.997371,nan,1,nan,0.752,0.247,0,0.001,0,0.583635,0.603312,0.563201,0.576506,0.59564,0.557373,11.61,11.7,0,0,0.868453,0.867508,0.86944,-0.00109006,0.00222199,0.00113435,11.64,11.75,0,0,0.87255,0.869479,0.869862,-0.00353169,0.000439763,-0.00309037
8,1,1986,196,201.2,1.986,0.003624,1000,100,100,1,0,0,0.000123364,0,0.000246727,0,0,40,9,-0.00200787,0.000184546,nan,0.014,0,0,0,0,0,0,0,-nan,0,nan,0.014,0.99994,nan,0.99994,nan,nan,nan,0,1,0,0,0,1,1,nan,nan,nan,nan,1,0,0,0,0,0.492894,0.496797,0.489092,0.489222,0.482994,0.49545,12,12,0,0,0.917472,0.914446,0.916201,-0.00330986,0.0019159,-0.00138762,12,12,0,0,0.9155,0.916722,0.916669,0.00133327,-5.7806e-05,0.00127554
8,10,1551,193.25,194.5,1.93875,0.00380469,789,97.25,100,0.98625,0.000567188,0.2,0.00129594,1.28949e-05,0.00256609,0,0,63,30.5,0.00130432,0.00438953,-0.00169205,0.0111423,0.00116603,0,0.00233207,0,0,50,26,0.000760252,0.00331507,-0.00169205,0.0111423,0.999533,0.999562,0.999479,0.999756,0.999967,nan,0.637653,0.359123,0.00193424,0.00128949,0,0.999583,0.99956,0.999635,0.999986,1,nan,0.746515,0.240811,0.00760456,0.00506971,0,0.508531,0.498567,0.51843,0.520571,0.500634,0.53996,12,12,0,0,0.911025,0.90986,0.911737,-0.00128094,0.00205894,0.000780631,12,12,0,0,0.913308,0.911811,0.912004,-0.00164215,0.000211991,-0.00142982
8,20,1888,194.6,183,1.888,0.004446,1000,100,100,1,0,0,0.00267479,1.58898e-05,0.0053178,0,0,75,41.2,0.00501741,0.0121038,-0.000236353,0.0306667,0.00258,1e-05,0.00514,0,0,72,40.2,0.000177382,0.0123388,-0.000236353,0.0306667,0.997857,0.998006,0.997449,0.999263,nan,nan,0.730403,0.269068,0.000529661,0,0,0.998021,0.99799,0.998085,nan,1,nan,0.717,0.281,0,0.002,0,0.470852,0.435702,0.508231,0.479902,0.438519,0.521286,12,12,0,0,0.909613,0.90628,0.908188,-0.00367752,0.00210009,-0.0015697,12,12,0,0,0.90935,0.908338,0.908612,-0.00111433,0.000301888,-0.000812104
8,30,1973,197.8,196.8,1.973,0.006226,991,99,99.2,0.991,0.000324,0,0.00328941,5.57527e-05,0.00646731,0,0,79,42,0.00269164,0.00861452,-0.00210526,0.0179263,0.00330979,4.03633e-05,0.00653885,0,0,66,38.4,0.00154793,0.00681044,-0.00210526,0.0179263,0.997876,0.99778,0.997995,0.999684,0.999749,nan,0.613279,0.379118,0.00152053,0.00608211,0,0.997947,0.99775,0.998431,1,nan,nan,0.713421,0.28557,0.00100908,0,0,0.476534,0.45335,0.499835,0.486176,0.454828,0.51746,11.99,12,0,0,0.908566,0.902437,0.905136,-0.00679065,0.00298174,-0.00378866,11.99,12,0,0,0.90666,0.90468,0.905332,-0.0021889,0.000720536,-0.00146679
8,40,2014,205.2,197.6,2.014,0.009844,1000,100,100,1,0,0,0.00456058,0.000119166,0.00888282,0,0,78,48.2,0.00344303,0.0121006,0.00139769,0.0162857,0.004445,0.00015,0.00859,0,0,66,44.8,0.000715468,0.0110907,0.00139769,0.0162857,0.997449,0.997345,0.997636,0.998992,nan,nan,0.665343,0.329692,0.00496524,0,0,0.997483,0.997039,0.998167,0.999573,1,nan,0.613,0.382,0.004,0.001,0,0.464905,0.418415,0.513183,0.457699,0.404458,0.510939,11.93,12,0,0,0.899677,0.897735,0.899749,-0.00216357,0.00223852,7.97908e-05,11.93,12,0,0,0.9007,0.899735,0.900199,-0.0010722,0.000514841,-0.00055681
8,50,1963,194.2,198.4,1.963,0.012056,1000,100,100,1,0,0,0.00559857,0.000137545,0.0109221,0,0,78,52.2,0.00161808,0.0167347,-0.0011074,0.0240667,0.0056,0.0002,0.0108,0,0,70,48.8,0.000205199,0.0182786,-0.0011074,0.0240667,0.997106,0.997081,0.99709,0.999526,0.998993,nan,0.656648,0.333673,0.00713194,0.00254712,0,0.996439,0.996432,0.996434,nan,0.99948,nan,0.677,0.321,0,0.002,0,0.461206,0.400293,0.52083,0.459218,0.399898,0.518538,11.9,11.9,0,0,0.896128,0.893447,0.895689,-0.00300147,0.00250387,-0.000490087,11.9,11.9,0,0,0.89475,0.895611,0.896361,0.000961557,0.000836527,0.00179728
8,60,1706,168,173.2,1.706,0.147514,876,85.4,89.8,0.876,0.023104,0,0.00651817,0.00021102,0.0126143,0,0,77,53,-0.00884631,0.0191397,-0.000803128,0.0195366,0.00644977,0.000194064,0.0125114,0,0,70,51.4,-0.00465771,0.0186466,-0.000803128,0.0195366,0.996679,0.996733,0.996578,0.997196,0.998966,nan,0.591442,0.401524,0.00410317,0.00293083,0,0.995829,0.996675,0.994005,0.993499,1,nan,0.675799,0.318493,0.00228311,0.00342466,0,0.466375,0.409518,0.521525,0.478522,0.424841,0.529574,11.81,11.85,0,0,0.892673,0.888747,0.89155,-0.00441705,0.00314401,-0.00125916,11.83,11.85,0,0,0.891781,0.891377,0.891835,-0.000453516,0.000514151,6.08687e-05
8,70,1976,196,199.2,1.976,0.014364,1000,100,100,1,0,0,0.00762399,0.000273279,0.0147014,0,0,88,59.4,-2.76819e-05,0.019756,0.00328496,0.0160222,0.007675,0.00028,0.01479,0,0,83,58,0.000166294,0.0207366,0.00328496,0.0160222,0.996603,0.996657,0.996482,0.999974,nan,nan,0.684717,0.314777,0.000506073,0,0,0.996525,0.996603,0.996307,nan,0.99896,nan,0.727,0.272,0,0.001,0,0.505887,0.446871,0.563954,0.502953,0.447406,0.5585,11.82,11.85,0,0,0.885197,0.88388,0.885998,-0.00149007,0.00239001,0.000903503,11.82,11.85,0,0,0.8859,0.885802,0.88627,-0.000110907,0.000528217,0.000417369
8,80,2022,198.6,205.8,2.022,0.007346,1000,100,100,1,0,0,0.00820475,0.000242334,0.0159248,0,0,85,60,0.00196004,0.0166432,0.00467356,0.0229318,0.00828,0.0002,0.01616,0,0,82,59,2.14229e-05,0.0178266,0.00467356,0.0229318,0.997085,0.997168,0.997056,0.99308,0.991189,nan,0.728981,0.259149,0.00890208,0.00296736,0,0.996912,0.996756,0.997215,nan,0.999912,nan,0.695,0.299,0,0.006,0,0.520073,0.436864,0.600371,0.518891,0.43466,0.603122,11.77,11.8,0,0,0.881108,0.880663,0.882731,-0.000504976,0.00234298,0.00183919,11.8,11.8,0,0,0.87935,0.882311,0.882616,0.00335631,0.000345541,0.00370069
8,90,2010,204.2,197.8,2.01,0.00653,1000,100,100,1,0,0,0.00790547,0.000298507,0.0152139,0,0,85,61,0.00154455,0.0212818,-0.00171547,0.00666032,0.008035,0.00028,0.01551,0,0,79,59.8,0.000730967,0.0225639,-0.00171547,0.00666032,0.996559,0.996842,0.995701,0.978345,0.997937,nan,0.757214,0.236816,0.000995025,0.00497512,0,0.996424,0.99609,0.997299,0.989866,nan,nan,0.675,0.317,0.008,0,0,0.534809,0.449915,0.62245,0.525579,0.428857,0.622302,11.61,11.7,0,0,0.881095,0.877549,0.87933,-0.00404029,0.00202575,-0.00200635,11.62,11.7,0,0,0.8761,0.880243,0.880187,0.00470718,-6.45589e-05,0.00464293
8,100,1994,198,200.8,1.994,0.003494,1000,100,100,1,0,0,0.00893681,0.00051655,0.0168405,0,0,87,61.8,0.0026377,0.0159069,0.000565961,0.01975,0.00866,0.00031,0.0167,0,0,77,59.6,0.00031253,0.0149943,0.000565961,0.01975,0.996542,0.996638,0.996274,0.988832,0.999792,nan,0.72317,0.272317,0.00100301,0.00351053,0,0.996737,0.996788,0.996656,0.991343,nan,nan,0.692,0.306,0.002,0,0,0.54069,0.445856,0.634203,0.552325,0.457926,0.646723,11.52,11.7,0,0,0.876429,0.873717,0.875743,-0.00310446,0.00231323,-0.000784055,11.52,11.7,0,0,0.87655,0.87618,0.876383,-0.000422833,0.000232497,-0.000190237
9,1,2034,213.6,193.2,2.034,0.003934,1000,100,100,1,0,0,0.000113078,0,0.000226155,0,0,37,8.6,0.00367758,0.00107623,nan,0.014,0,0,0,0,0,0,0,-nan,0,nan,0.014,0.999871,nan,0.999871,nan,nan,nan,0,1,0,0,0,1,1,nan,nan,nan,nan,1,0,0,0,0,0.500236,0.501764,0.498546,0.496057,0.495062,0.497052,12,12,0,0,0.91443,0.914253,0.916201,-0.000192832,0.0021255,0.00193308,12,12,0,0,0.91585,0.916542,0.91667,0.000755105,0.00013997,0.00089497
9,10,1639,199,210.75,2.04875,0.00325469,800,100,100,1,0,0.2,0.000652837,0,0.00130567,0,0,52,21.25,-0.00334833,0.00544339,0.00507614,0.020625,0.0006125,0,0.001225,0,0,34,15.5,0.000726384,0.00601543,0.00507614,0.020625,0.999131,0.999061,0.999233,1,nan,nan,0.608908,0.387431,0.00366077,0,0,0.999152,0.999082,0.999296,nan,nan,nan,0.67375,0.32625,0,0,0,0.503622,0.491134,0.515413,0.491489,0.475351,0.507626,12,12,0,0,0.911318,0.910459,0.912613,-0.000943114,0.00236003,0.00141914,12,12,0,0,0.915,0.912741,0.913177,-0.00247474,0.000476866,-0.00199669
9,20,1949,195.6,194.2,1.949,0.005634,1000,100,100,1,0,0,0.0015136,2.05233e-05,0.00298615,0,0,58,28,0.0011635,0.0107513,-0.000983108,0.0206857,0.001445,0,0.00289,0,0,49,26.2,-0.000105897,0.0111816,-0.000983108,0.0206857,0.998488,0.998376,0.99876,1,0.999998,nan,0.714726,0.283222,0.000513084,0.00153925,0,0.998482,0.998519,0.998396,1,1,nan,0.632,0.363,0.003,0.002,0,0.516492,0.496358,0.53677,0.520949,0.486327,0.555572,12,12,0,0,0.909749,0.905705,0.908267,-0.00446484,0.00282094,-0.00163131,12,12,0,0,0.9048,0.907845,0.90827,0.00335462,0.000467117,0.00382017
9,30,2023,204.4,200.2,2.023,0.016616,1000,100,100,1,0,0,0.00250124,0,0.00500247,0,0,84,45.4,0.00465023,0.0188608,-0.00124922,0.0239833,0.00248,0,0.00496,0,0,71,42.2,-7.06357e-05,0.0209464,-0.00124922,0.0239833,0.997653,0.997409,0.998335,nan,0.987939,nan,0.708848,0.28868,0,0.00247158,0,0.997663,0.997751,0.997404,1,1,nan,0.716,0.28,0.003,0.001,0,0.529526,0.496059,0.563695,0.523892,0.493342,0.554442,11.99,12,0,0,0.900791,0.902231,0.904178,0.00159602,0.00215363,0.00374621,11.99,12,0,0,0.9028,0.904109,0.904301,0.0014483,0.000211862,0.00165986
9,40,1930,189.6,196.4,1.93,0.00417,987,98.2,99.2,0.987,0.000676,0,0.0035285,3.62694e-05,0.00698446,0,0,79,44.8,0.00358018,0.0143082,-0.000168734,0.0156502,0.00324215,8.10537e-05,0.00632219,0,0,67,42.4,0.00019518,0.0132601,-0.000168734,0.0156502,0.997733,0.997521,0.998123,0.999696,0.999276,nan,0.659067,0.336269,0.00259067,0.00207254,0,0.997647,0.99737,0.998235,1,nan,nan,0.683891,0.314083,0.00202634,0,0,0.532138,0.527056,0.537045,0.542292,0.533613,0.550885,11.99,12,0,0,0.89728,0.895183,0.897167,-0.00234279,0.00221237,-0.000125231,11.99,12,0,0,0.901672,0.898027,0.898247,-0.00405855,0.000244779,-0.00381278
9,50,1976,193.2,202,1.976,0.006694,1000,100,100,1,0,0,0.00330213,5.5668e-05,0.00649291,0,0,76,43.8,0.00429258,0.0172948,-0.00155372,0.00923333,0.003275,7e-05,0.00641,0,0,65,41.4,0.000533958,0.0172211,-0.00155372,0.00923333,0.998138,0.998086,0.998228,0.999911,1,nan,0.70496,0.289474,0.00151822,0.00404858,0,0.998128,0.998265,0.997878,0.999871,0.992701,nan,0.705,0.281,0.007,0.007,0,0.560029,0.554243,0.565563,0.556025,0.54201,0.57004,11.96,12,0,0,0.892257,0.888799,0.890898,-0.00389076,0.00235626,-0.00152533,11.96,12,0,0,0.88815,0.890494,0.890822,0.00263235,0.000368142,0.00299953
9,60,2031,198.6,207.6,2.031,0.002954,1000,100,100,1,0,0,0.00458641,4.92368e-05,0.00907435,0,0,78,52.2,0.000984445,0.0240811,0.00309975,0.0153509,0.00465,7e-05,0.00916,0,0,75,52.2,7.12663e-05,0.0252298,0.00309975,0.0153509,0.996928,0.997029,0.996713,0.990669,0.999747,nan,0.723289,0.27228,0.00295421,0.0014771,0,0.996751,0.996919,0.996453,0.999889,0.990358,nan,0.649,0.344,0.004,0.003,0,0.515965,0.509526,0.522125,0.523532,0.517069,0.529994,11.89,12,0,0,0.889242,0.885205,0.887029,-0.00455973,0.00205549,-0.00249486,11.88,11.95,0,0,0.8872,0.887284,0.887411,9.41556e-05,0.000143187,0.000237329
9,70,2036,195.4,211.8,2.036,0.009174,999,99.8,100,0.999,4e-06,0,0.00502456,8.34971e-05,0.00988212,0,0,82,51.2,0.00127184,0.0219424,-0.000764008,0.0154485,0.00497497,6.00601e-05,0.00982983,0,0,74,51.2,0.000226744,0.020748,-0.000764008,0.0154485,0.997172,0.997422,0.996729,nan,0.994164,nan,0.642436,0.356582,0,0.000982318,0,0.997053,0.99699,0.997211,0.998575,nan,nan,0.727728,0.27027,0.002002,0,0,0.525743,0.499794,0.549683,0.520496,0.503974,0.536984,11.79,11.85,0,0,0.879691,0.87858,0.880626,-0.00126435,0.00232329,0.00106187,11.81,11.85,0,0,0.876777,0.88026,0.880514,0.00395739,0.000288203,0.00424446
9,80,1950,198.2,191.8,1.95,0.00781,1000,100,100,1,0,0,0.00574103,0.000112821,0.0112564,0,0,82,54.4,0.0038224,0.0159444,-0.000914114,0.0218548,0.00565,0.00015,0.011,0,0,79,54.6,0.00042078,0.0173097,-0.000914114,0.0218548,0.99713,0.997544,0.996092,1,nan,nan,0.713333,0.286154,0.000512821,0,0,0.997248,0.997018,0.997753,nan,0.999872,nan,0.696,0.301,0,0.003,0,0.549345,0.546035,0.552764,0.548871,0.542203,0.555539,11.67,11.8,0,0,0.871564,0.871351,0.873226,-0.000244356,0.0021472,0.00190337,11.67,11.8,0,0,0.87475,0.873594,0.87378,-0.00132345,0.000213526,-0.00110964
9,90,1564,199.5,191.5,1.955,0.0050625,800,100,100,1,0,0.2,0.00722826,0.000134271,0.014188,0,0,79,57.5,0.00280938,0.018637,-0.00490005,0.0163125,0.00683125,0.0002,0.0132625,0,0,75,55.5,0.00027347,0.019618,-0.00490005,0.0163125,0.995783,0.995714,0.995958,0.994242,1,nan,0.710997,0.283887,0.00383632,0.00127877,0,0.996159,0.996344,0.995644,nan,nan,nan,0.73625,0.26375,0,0,0,0.564701,0.531811,0.598966,0.558661,0.535863,0.58146,11.4125,11.5,0,0,0.867327,0.863636,0.865468,-0.00427466,0.00211674,-0.00214888,11.4625,11.55,0,0,0.872938,0.866269,0.866617,-0.00769795,0.000401263,-0.0072936
9,100,1550,192.5,195,1.9375,0.00215625,789,97.25,100,0.98625,0.000567188,0.2,0.00726129,9.67742e-05,0.014329,0,0,80,58.5,0.00339897,0.0103835,-0.00554825,0.0244967,0.00712928,7.60456e-05,0.0141065,0,0,73,57,0.000593854,0.00905093,-0.00554825,0.0244967,0.996368,0.996331,0.996474,nan,0.992511,nan,0.649677,0.347097,0,0.00322581,0,0.996194,0.996118,0.99632,1,1,nan,0.690748,0.30545,0.00253485,0.00126743,0,0.567356,0.536477,0.59784,0.569604,0.550487,0.588194,11.175,11.35,0,0,0.866419,0.86364,0.865789,-0.00321825,0.00248208,-0.000728174,11.1875,11.35,0,0,0.870659,0.865194,0.865572,-0.00631714,0.000437215,-0.00587717
10,1,2015,198.6,204.4,2.015,0.03515,1000,100,100,1,0,0,8.933e-05,0,0.00017866,0,0,29,6.8,-0.0141771,0.00092412,nan,0.014,0,0,0,0,0,0,0,-nan,0,nan,0.014,0.999952,nan,0.999952,nan,nan,nan,0,1,0,0,0,1,1,nan,nan,nan,nan,1,0,0,0,0,0.50991,0.511546,0.508321,0.503477,0.509569,0.497385,12,12,0,0,0.914615,0.914373,0.916308,-0.00026513,0.00211226,0.00184769,12,12,0,0,0.9152,0.916585,0.91671,0.00151124,0.000136313,0.00164734
10,10,1904,185.2,195.6,1.904,0.002434,984,100,96.8,0.984,0.001024,0,0.00100053,0,0.00200105,0,0,62,24.4,0.00245222,0.000789261,0,0.01,0.000879065,0,0.00175813,0,0,51,20.4,0.000663935,0.000748581,0,0.01,0.999699,0.999645,0.999802,1,0.999997,nan,0.658613,0.339286,0.00105042,0.00105042,0,0.999701,0.999713,0.99967,1,1,nan,0.663618,0.331301,0.00101626,0.00406504,0,0.484113,0.510565,0.459068,0.505559,0.515329,0.495467,12,12,0,0,0.911975,0.909522,0.911944,-0.00269724,0.00265653,-3.35405e-05,12,12,0,0,0.913923,0.912012,0.912468,-0.00209459,0.000499425,-0.00159412
10,20,1984,206.4,190.4,1.984,0.009004,1000,100,100,1,0,0,0.00186492,3.02419e-05,0.00366935,0,0,78,36,0.00265138,0.00465787,-0.000643087,0.0084,0.001625,1e-05,0.00323,0,0,63,31.4,0.000275665,0.00434797,-0.000643087,0.0084,0.999235,0.999278,0.999165,nan,0.99766,nan,0.67994,0.315524,0,0.00453629,0,0.999228,0.999309,0.999102,1,0.998501,nan,0.617,0.376,0.002,0.005,0,0.506126,0.530867,0.479306,0.500743,0.533793,0.467693,12,12,0,0,0.906275,0.905179,0.907598,-0.00121094,0.00266564,0.00145793,12,12,0,0,0.90605,0.907493,0.90802,0.00158964,0.000580554,0.00216927
10,30,2027,204.2,201.2,2.027,0.002126,1000,100,100,1,0,0,0.00363592,2.96004e-05,0.00721263,0,0,77,46.2,0.00322332,0.0116822,0,0.014,0.003365,7e-05,0.00659,0,0,72,45.2,0.000175299,0.0107252,0,0.014,0.998237,0.998308,0.998036,1,1,nan,0.718303,0.278737,0.0024667,0.00049334,0,0.998311,0.998269,0.998413,0.997171,nan,nan,0.693,0.305,0.002,0,0,0.500647,0.527346,0.47355,0.498686,0.525195,0.472177,12,12,0,0,0.905871,0.900564,0.902519,-0.00589282,0.00216578,-0.00371428,12,12,0,0,0.90475,0.902608,0.902897,-0.0023728,0.000319961,-0.00205208
10,40,1987,199.2,198.2,1.987,0.007966,1000,100,100,1,0,0,0.00425767,4.52944e-05,0.00842476,0,0,78,47.6,0.00761822,0.0107047,0.00593374,0.024519,0.004125,6e-05,0.00813,0,0,68,46.6,0.000163533,0.0103768,0.00593374,0.024519,0.997962,0.998191,0.997452,nan,0.997521,nan,0.690488,0.308002,0,0.00150981,0,0.997868,0.997862,0.997861,nan,0.999996,nan,0.667,0.33,0,0.003,0,0.515499,0.548443,0.482389,0.51846,0.551045,0.485875,11.93,11.95,0,0,0.899295,0.89456,0.89665,-0.00529382,0.00233165,-0.00294982,11.94,11.95,0,0,0.8999,0.897095,0.897539,-0.00312721,0.000495128,-0.00263053
10,50,2068,205.2,208.4,2.068,0.007746,1000,100,100,1,0,0,0.00550048,8.2205e-05,0.0108366,0,0,80,50.2,-0.00330182,0.0113466,-0.00107522,0.02375,0.005535,9e-05,0.01089,0,0,72,49.4,0.000963158,0.0104903,-0.00107522,0.02375,0.997907,0.997711,0.998442,0.993612,nan,nan,0.706963,0.289168,0.00386847,0,0,0.997783,0.99788,0.997559,0.999508,nan,nan,0.667,0.328,0.005,0,0,0.513836,0.545272,0.482882,0.511877,0.541453,0.482302,11.87,11.9,0,0,0.89456,0.889977,0.89171,-0.00514971,0.00194316,-0.00319654,11.87,11.9,0,0,0.8936,0.892209,0.892331,-0.001559,0.00013612,-0.00142267
10,60,1993,200.8,197.8,1.993,0.005536,1000,100,100,1,0,0,0.00743101,0.000255896,0.0143502,0,0,84,59,0.00236077,0.0218918,0.000132853,0.0193056,0.00748,0.00023,0.0145,0,0,77,59.4,0.000442567,0.0226084,0.000132853,0.0193056,0.997336,0.9974,0.997181,0.996804,nan,nan,0.716006,0.279478,0.00451581,0,0,0.997212,0.99745,0.996832,nan,nan,nan,0.614,0.386,0,0,0,0.51655,0.552938,0.479609,0.507964,0.536836,0.479092,11.82,11.85,0,0,0.88575,0.884665,0.886583,-0.00122698,0.00216392,0.00093959,11.84,11.85,0,0,0.89045,0.887318,0.887591,-0.00352921,0.000307463,-0.00322066
10,70,1997,198.6,200.8,1.997,0.006106,994,98.8,100,0.994,0.000144,0,0.00809965,0.000265398,0.0156685,0,0,89,59.8,0.00159083,0.0373612,0.000615314,0.0174677,0.00775654,0.000382294,0.0147485,0,0,79,58.8,0.000482953,0.0375699,0.000615314,0.0174677,0.996453,0.996295,0.996718,0.999822,nan,nan,0.633951,0.365048,0.0010015,0,0,0.996625,0.996495,0.996866,0.999296,nan,nan,0.668008,0.328974,0.00301811,0,0,0.532031,0.541797,0.522372,0.540718,0.553048,0.528537,11.77,11.85,0,0,0.878543,0.877483,0.879382,-0.00120732,0.00215902,0.000954304,11.81,11.85,0,0,0.879829,0.879239,0.879381,-0.000671061,0.000161957,-0.000508996
10,80,1963,192.6,200,1.963,0.010006,1000,100,100,1,0,0,0.00843097,0.000275089,0.0163118,0,0,83,58,0.00348252,0.0187683,-0.00270545,0.033,0.00841,0.00038,0.01606,0,0,79,56.8,5.85972e-05,0.0159909,-0.00270545,0.033,0.997525,0.997542,0.99746,0.997564,0.999969,nan,0.719817,0.276108,0.00152827,0.00254712,0,0.997527,0.997484,0.997607,0.999089,0.997723,nan,0.693,0.299,0.003,0.005,0,0.521792,0.533505,0.510512,0.515004,0.515722,0.514286,11.73,11.85,0,0,0.87593,0.874411,0.876606,-0.00173667,0.00250396,0.00077164,11.73,11.85,0,0,0.87865,0.8762,0.876652,-0.00279602,0.000515341,-0.00227924
10,90,1973,191.2,203.4,1.973,0.011776,1000,100,100,1,0,0,0.00848708,0.000278763,0.0164166,0,0,80,56.6,0.00159055,0.0300945,0.00654349,0.0219667,0.00827,0.00035,0.01584,0,0,70,55,0.000529426,0.0275547,0.00654349,0.0219667,0.996837,0.996813,0.996829,0.999619,0.999944,nan,0.722757,0.270654,0.00405474,0.00253421,0,0.996868,0.99658,0.99743,0.992821,nan,nan,0.65,0.348,0.002,0,0,0.509998,0.521467,0.499217,0.512811,0.526829,0.498792,11.6,11.85,0,0,0.87296,0.870611,0.872462,-0.00269773,0.00212091,-0.000571095,11.63,11.85,0,0,0.87465,0.872325,0.872438,-0.00266515,0.000129779,-0.00253502
10,100,1985,198,199,1.985,0.00204,1000,100,100,1,0,0,0.00925945,0.000342569,0.0178338,0,0,83,59.2,0.0026641,0.0273649,-0.00523313,0.0295857,0.009115,0.0004,0.01743,0,0,76,56,0.000564989,0.0268965,-0.00523313,0.0295857,0.997569,0.997539,0.997582,0.999515,1,nan,0.697229,0.294207,0.00806045,0.000503778,0,0.997515,0.997635,0.997241,0.999607,0.997256,nan,0.653,0.339,0.007,0.001,0,0.489856,0.471907,0.507715,0.482591,0.464556,0.500626,11.39,11.6,0,0,0.864836,0.863574,0.865923,-0.00146215,0.00271338,0.00125519,11.44,11.65,0,0,0.8698,0.865476,0.866027,-0.00499623,0.000635889,-0.00435717
