generation,off.nbr,off.nbfem,off.nbmal,off.density,off.dvar,off.sexratio,adlt.nbr,adlt.nbfem,adlt.nbmal,adlt.density,adlt.dvar,adlt.sexratio,extrate,off.disp,off.fdisp,off.mdisp,adlt.disp,adlt.fdisp,adlt.mdisp,off.allnbp,off.allnb,off.fixlocp,off.fixloc,off.ho,off.hsnei,off.htnei,off.fis,off.fst,off.fit,adlt.allnbp,adlt.allnb,adlt.fixlocp,adlt.fixloc,adlt.ho,adlt.hsnei,adlt.htnei,adlt.fis,adlt.fst,adlt.fit
1,6.9993e+03,3.4927e+03,3.5067e+03,3.4993e+00,0.0000e+00,9.9643e-01,2.0000e+03,1.0000e+03,1.0000e+03,1.0000e+00,0.0000e+00,1.0000e+00,0.0000e+00,5.5838e-01,5.4720e-01,5.6905e-01,4.9775e-01,4.9278e-01,5.0272e-01,1.2000e+01,1.2000e+01,0.0000e+00,0.0000e+00,9.1723e-01,8.0323e-01,8.0323e-01,-1.4195e-01,-7.4000e-17,-1.4195e-01,1.2000e+01,1.2000e+01,0.0000e+00,0.0000e+00,9.1707e-01,9.1667e-01,9.1667e-01,-4.4075e-04,-1.8500e-16,-4.4075e-04,
5,6.9993e+03,3.5017e+03,3.4977e+03,3.4995e+00,0.0000e+00,1.0012e+00,2.0000e+03,1.0000e+03,1.0000e+03,1.0000e+00,0.0000e+00,1.0000e+00,0.0000e+00,5.7430e-01,5.0798e-01,6.4167e-01,5.7480e-01,5.0762e-01,6.4200e-01,1.2000e+01,1.2000e+01,0.0000e+00,0.0000e+00,6.1443e-01,5.4928e-01,5.4928e-01,-1.1817e-01,-7.4000e-17,-1.1817e-01,1.2000e+01,1.2000e+01,0.0000e+00,0.0000e+00,6.4632e-01,5.7798e-01,5.7798e-01,-1.1839e-01,-3.7000e-17,-1.1839e-01,
10,6.9987e+03,3.5107e+03,3.4880e+03,3.4990e+00,0.0000e+00,1.0066e+00,2.0000e+03,1.0000e+03,1.0000e+03,1.0000e+00,0.0000e+00,1.0000e+00,0.0000e+00,5.7640e-01,4.7770e-01,6.7708e-01,5.7020e-01,4.7162e-01,6.6878e-01,6.0750e+00,6.0750e+00,0.0000e+00,0.0000e+00,3.3233e-01,2.9407e-01,2.9407e-01,-1.2870e-01,0.0000e+00,-1.2870e-01,6.3417e+00,6.3417e+00,0.0000e+00,0.0000e+00,3.6518e-01,3.2340e-01,3.2340e-01,-1.3116e-01,-1.4800e-16,-1.3116e-01,
15,6.9988e+03,3.4933e+03,3.5055e+03,3.4990e+00,0.0000e+00,9.9685e-01,2.0000e+03,1.0000e+03,1.0000e+03,1.0000e+00,0.0000e+00,1.0000e+00,0.0000e+00,5.8162e-01,4.9230e-01,6.7095e-01,5.7748e-01,4.8935e-01,6.6560e-01,3.4333e+00,3.4333e+00,0.0000e+00,0.0000e+00,1.8115e-01,1.5923e-01,1.5923e-01,-1.4067e-01,-7.4000e-17,-1.4067e-01,3.1917e+00,3.1917e+00,6.6667e-01,6.6667e-01,1.9372e-01,1.7483e-01,1.7483e-01,-1.0497e-01,0.0000e+00,-1.0497e-01,
20,6.9977e+03,3.5007e+03,3.4970e+03,3.4987e+00,0.0000e+00,1.0014e+00,2.0000e+03,1.0000e+03,1.0000e+03,1.0000e+00,0.0000e+00,1.0000e+00,0.0000e+00,5.8778e-01,4.8097e-01,6.9385e-01,5.8000e-01,4.5018e-01,7.0985e-01,2.7917e+00,2.7917e+00,1.1667e+00,1.1667e+00,1.0455e-01,9.2447e-02,9.2447e-02,-1.3849e-01,-3.7000e-17,-1.3849e-01,2.4000e+00,2.4000e+00,3.1667e+00,3.1667e+00,1.2254e-01,1.0695e-01,1.0695e-01,-1.5088e-01,-1.4800e-16,-1.5088e-01,
25,6.9912e+03,3.4908e+03,3.5003e+03,3.4955e+00,0.0000e+00,9.9748e-01,2.0000e+03,1.0000e+03,1.0000e+03,1.0000e+00,0.0000e+00,1.0000e+00,0.0000e+00,5.5025e-01,4.0708e-01,6.9313e-01,5.4783e-01,4.1067e-01,6.8503e-01,2.4333e+00,2.4333e+00,2.6667e+00,2.6667e+00,6.3120e-02,5.5460e-02,5.5460e-02,-1.3163e-01,0.0000e+00,-1.3163e-01,1.9667e+00,1.9667e+00,6.3333e+00,6.3333e+00,5.9592e-02,5.3318e-02,5.3318e-02,-1.1001e-01,-1.8500e-16,-1.1001e-01,
30,6.9943e+03,3.5037e+03,3.4907e+03,3.4970e+00,0.0000e+00,1.0040e+00,2.0000e+03,1.0000e+03,1.0000e+03,1.0000e+00,0.0000e+00,1.0000e+00,0.0000e+00,5.4940e-01,3.9606e-01,7.0080e-01,5.5227e-01,4.0386e-01,7.0072e-01,2.2167e+00,2.2167e+00,3.5000e+00,3.5000e+00,3.3672e-02,2.8825e-02,2.8825e-02,-1.1024e-01,3.7000e-17,-1.1024e-01,1.7417e+00,1.7417e+00,8.1667e+00,8.1667e+00,3.6792e-02,3.1390e-02,3.1390e-02,-1.2555e-01,-7.4000e-17,-1.2555e-01,
35,6.9962e+03,3.5022e+03,3.4940e+03,3.4977e+00,0.0000e+00,1.0025e+00,2.0000e+03,1.0000e+03,1.0000e+03,1.0000e+00,0.0000e+00,1.0000e+00,0.0000e+00,5.4463e-01,3.8890e-01,7.0110e-01,5.4508e-01,3.8904e-01,7.0110e-01,2.2333e+00,2.2333e+00,3.3333e+00,3.3333e+00,1.7830e-02,1.6330e-02,1.6330e-02,-5.7567e-02,-5.5500e-17,-5.7567e-02,1.7167e+00,1.7167e+00,8.1667e+00,8.1667e+00,2.4928e-02,2.1178e-02,2.1178e-02,-1.2277e-01,-7.4000e-17,-1.2277e-01,
40,6.9992e+03,3.5037e+03,3.4955e+03,3.4993e+00,0.0000e+00,1.0023e+00,2.0000e+03,1.0000e+03,1.0000e+03,1.0000e+00,0.0000e+00,1.0000e+00,0.0000e+00,5.4400e-01,3.8860e-01,7.0117e-01,5.4485e-01,3.8853e-01,7.0115e-01,2.0833e+00,2.0833e+00,4.0000e+00,4.0000e+00,9.0165e-03,8.7525e-03,8.7525e-03,-1.1240e-02,-7.4000e-17,-1.1240e-02,1.6583e+00,1.6583e+00,8.5000e+00,8.5000e+00,9.4200e-03,8.3000e-03,8.3000e-03,-4.9258e-02,-1.4800e-16,-4.9258e-02,
45,6.9992e+03,3.5225e+03,3.4767e+03,3.4993e+00,0.0000e+00,1.0136e+00,2.0000e+03,1.0000e+03,1.0000e+03,1.0000e+00,0.0000e+00,1.0000e+00,0.0000e+00,5.4322e-01,3.8853e-01,7.0100e-01,5.4478e-01,3.8852e-01,7.0107e-01,2.0083e+00,2.0083e+00,5.0000e+00,5.0000e+00,4.1681e-03,3.5344e-03,3.5344e-03,-4.3757e-02,0.0000e+00,-4.3757e-02,1.6500e+00,1.6500e+00,8.8333e+00,8.8333e+00,5.7208e-03,5.3966e-03,5.3966e-03,-2.1129e-02,-1.4800e-16,-2.1129e-02,
50,6.9983e+03,3.4997e+03,3.4987e+03,3.4990e+00,0.0000e+00,1.0005e+00,2.0000e+03,1.0000e+03,1.0000e+03,1.0000e+00,0.0000e+00,1.0000e+00,0.0000e+00,5.4380e-01,3.8862e-01,7.0112e-01,5.4475e-01,3.8852e-01,7.0097e-01,2.1500e+00,2.1500e+00,4.0000e+00,4.0000e+00,1.5906e-03,1.5054e-03,1.5054e-03,-1.2237e-02,0.0000e+00,-1.2237e-02,1.5333e+00,1.5333e+00,1.0500e+01,1.0500e+01,2.5792e-03,2.2841e-03,2.2841e-03,-2.4605e-02,-1.4800e-16,-2.4605e-02,
55,6.9973e+03,3.4855e+03,3.5118e+03,3.4983e+00,0.0000e+00,9.9310e-01,2.0000e+03,1.0000e+03,1.0000e+03,1.0000e+00,0.0000e+00,1.0000e+00,0.0000e+00,5.4443e-01,3.8865e-01,7.0115e-01,5.4488e-01,3.8862e-01,7.0117e-01,2.0917e+00,2.0917e+00,4.0000e+00,4.0000e+00,1.8770e-03,1.7479e-03,1.7479e-03,-1.5726e-02,1.8500e-17,-1.5726e-02,1.5333e+00,1.5333e+00,1.0667e+01,1.0667e+01,3.3700e-03,2.8549e-03,2.8549e-03,-3.4841e-02,-1.1100e-16,-3.4841e-02,
60,6.9980e+03,3.4713e+03,3.5267e+03,3.4985e+00,0.0000e+00,9.8442e-01,2.0000e+03,1.0000e+03,1.0000e+03,1.0000e+00,0.0000e+00,1.0000e+00,0.0000e+00,5.4670e-01,3.8860e-01,7.0117e-01,5.4488e-01,3.8858e-01,7.0120e-01,2.0750e+00,2.0750e+00,3.8333e+00,3.8333e+00,4.5252e-04,4.5213e-04,4.5213e-04,-5.9598e-04,-5.5500e-17,-5.9598e-04,1.5583e+00,1.5583e+00,9.3333e+00,9.3333e+00,5.4167e-04,5.4055e-04,5.4055e-04,-1.0924e-03,-7.4000e-17,-1.0924e-03,
65,6.9983e+03,3.5120e+03,3.4863e+03,3.4988e+00,0.0000e+00,1.0074e+00,2.0000e+03,1.0000e+03,1.0000e+03,1.0000e+00,0.0000e+00,1.0000e+00,0.0000e+00,5.4255e-01,3.8555e-01,7.0105e-01,5.4167e-01,3.8214e-01,7.0118e-01,2.0750e+00,2.0750e+00,4.3333e+00,4.3333e+00,4.5248e-04,4.5233e-04,4.5233e-04,-3.2398e-04,-3.7000e-17,-3.2398e-04,1.5500e+00,1.5500e+00,1.0333e+01,1.0333e+01,4.5417e-04,4.5400e-04,4.5400e-04,-3.3695e-04,-1.4800e-16,-3.3695e-04,
70,6.9983e+03,3.5022e+03,3.4962e+03,3.4992e+00,0.0000e+00,1.0020e+00,2.0000e+03,1.0000e+03,1.0000e+03,1.0000e+00,0.0000e+00,1.0000e+00,0.0000e+00,5.4508e-01,3.8841e-01,7.0115e-01,5.4457e-01,3.8816e-01,7.0100e-01,2.0167e+00,2.0167e+00,3.8333e+00,3.8333e+00,4.4677e-03,3.4609e-03,3.4609e-03,-5.3931e-02,1.8500e-17,-5.3931e-02,1.5500e+00,1.5500e+00,1.0000e+01,1.0000e+01,4.0833e-04,4.0820e-04,4.0820e-04,-3.5250e-04,-1.4800e-16,-3.5250e-04,
75,6.9980e+03,3.5013e+03,3.4967e+03,3.4988e+00,0.0000e+00,1.0016e+00,2.0000e+03,1.0000e+03,1.0000e+03,1.0000e+00,0.0000e+00,1.0000e+00,0.0000e+00,5.4403e-01,3.8854e-01,7.0093e-01,5.4462e-01,3.8850e-01,7.0077e-01,2.1583e+00,2.1583e+00,2.5000e+00,2.5000e+00,4.5327e-03,4.2343e-03,4.2343e-03,-1.2915e-02,-3.7000e-17,-1.2915e-02,1.6000e+00,1.6000e+00,9.3333e+00,9.3333e+00,4.3450e-03,3.4316e-03,3.4316e-03,-4.9702e-02,-7.4000e-17,-4.9702e-02,
80,6.9853e+03,3.5092e+03,3.4762e+03,3.4925e+00,0.0000e+00,1.0099e+00,2.0000e+03,1.0000e+03,1.0000e+03,1.0000e+00,0.0000e+00,1.0000e+00,0.0000e+00,5.4280e-01,3.8854e-01,7.0052e-01,5.4465e-01,3.8855e-01,7.0075e-01,2.1417e+00,2.1417e+00,2.0000e+00,2.0000e+00,4.6403e-03,4.1735e-03,4.1735e-03,-2.0537e-02,-3.7000e-17,-2.0537e-02,1.5917e+00,1.5917e+00,9.8333e+00,9.8333e+00,3.2617e-03,2.7749e-03,2.7749e-03,-3.3636e-02,-7.4000e-17,-3.3636e-02,
85,6.9985e+03,3.4970e+03,3.5015e+03,3.4992e+00,0.0000e+00,9.9880e-01,2.0000e+03,1.0000e+03,1.0000e+03,1.0000e+00,0.0000e+00,1.0000e+00,0.0000e+00,5.4197e-01,3.8215e-01,7.0073e-01,5.4340e-01,3.8587e-01,7.0097e-01,2.1250e+00,2.1250e+00,3.6667e+00,3.6667e+00,4.6184e-03,3.6166e-03,3.6166e-03,-5.0774e-02,0.0000e+00,-5.0774e-02,1.5417e+00,1.5417e+00,9.8333e+00,9.8333e+00,7.7500e-04,7.6510e-04,7.6510e-04,-3.7836e-03,-1.4800e-16,-3.7836e-03,
90,6.9987e+03,3.5023e+03,3.4963e+03,3.4992e+00,0.0000e+00,1.0018e+00,2.0000e+03,1.0000e+03,1.0000e+03,1.0000e+00,0.0000e+00,1.0000e+00,0.0000e+00,5.3507e-01,3.7765e-01,6.9392e-01,5.3698e-01,3.7764e-01,6.9630e-01,2.0667e+00,2.0667e+00,3.5000e+00,3.5000e+00,1.6765e-03,1.5835e-03,1.5835e-03,-1.2740e-02,0.0000e+00,-1.2740e-02,1.5417e+00,1.5417e+00,1.0000e+01,1.0000e+01,2.6750e-03,2.3649e-03,2.3649e-03,-2.5544e-02,-1.4800e-16,-2.5544e-02,
95,6.9995e+03,3.4795e+03,3.5200e+03,3.4997e+00,0.0000e+00,9.8865e-01,2.0000e+03,1.0000e+03,1.0000e+03,1.0000e+00,0.0000e+00,1.0000e+00,0.0000e+00,5.3858e-01,3.8368e-01,6.9138e-01,5.3503e-01,3.7852e-01,6.9152e-01,2.0250e+00,2.0250e+00,4.5000e+00,4.5000e+00,4.1553e-04,4.1508e-04,4.1508e-04,-6.7742e-04,-3.7000e-17,-6.7742e-04,1.5083e+00,1.5083e+00,1.1000e+01,1.1000e+01,4.5000e-04,4.4897e-04,4.4897e-04,-1.0098e-03,-1.4800e-16,-1.0098e-03,
100,6.9988e+03,3.4817e+03,3.5172e+03,3.4992e+00,0.0000e+00,9.9000e-01,2.0000e+03,1.0000e+03,1.0000e+03,1.0000e+00,0.0000e+00,1.0000e+00,0.0000e+00,5.3700e-01,3.8109e-01,6.9143e-01,5.3777e-01,3.8400e-01,6.9148e-01,2.1083e+00,2.1083e+00,3.1667e+00,3.1667e+00,4.0958e-04,4.0947e-04,4.0947e-04,-3.0640e-04,-7.4000e-17,-3.0640e-04,1.4833e+00,1.4833e+00,1.1000e+01,1.1000e+01,4.0417e-04,4.0402e-04,4.0402e-04,-3.2503e-04,-1.8500e-16,-3.2503e-04,
105,6.9972e+03,3.4963e+03,3.5008e+03,3.4985e+00,0.0000e+00,9.9887e-01,2.0000e+03,1.0000e+03,1.0000e+03,1.0000e+00,0.0000e+00,1.0000e+00,0.0000e+00,5.3697e-01,3.8084e-01,6.9138e-01,5.3722e-01,3.8280e-01,6.9160e-01,2.0500e+00,2.0500e+00,3.8333e+00,3.8333e+00,4.0968e-04,4.0958e-04,4.0958e-04,-2.8932e-04,3.7000e-17,-2.8932e-04,1.5583e+00,1.5583e+00,9.3333e+00,9.3333e+00,4.0000e-04,3.9990e-04,3.9990e-04,-1.9954e-04,-1.1100e-16,-1.9954e-04,
110,6.9887e+03,3.5065e+03,3.4822e+03,3.4942e+00,0.0000e+00,1.0071e+00,2.0000e+03,1.0000e+03,1.0000e+03,1.0000e+00,0.0000e+00,1.0000e+00,0.0000e+00,5.2893e-01,3.6893e-01,6.9130e-01,5.3035e-01,3.6931e-01,6.9145e-01,2.1333e+00,2.1333e+00,3.0000e+00,3.0000e+00,4.3987e-04,4.3973e-04,4.3973e-04,-3.4348e-04,3.7000e-17,-3.4348e-04,1.5833e+00,1.5833e+00,9.8333e+00,9.8333e+00,4.6667e-04,4.6648e-04,4.6648e-04,-3.5677e-04,-1.8500e-16,-3.5677e-04,
115,6.9667e+03,3.4830e+03,3.4837e+03,3.4833e+00,0.0000e+00,1.0000e+00,2.0000e+03,1.0000e+03,1.0000e+03,1.0000e+00,0.0000e+00,1.0000e+00,0.0000e+00,5.2667e-01,3.6175e-01,6.9145e-01,5.2782e-01,3.6415e-01,6.9143e-01,2.1333e+00,2.1333e+00,3.5000e+00,3.5000e+00,4.2205e-04,4.2188e-04,4.2188e-04,-2.8362e-04,0.0000e+00,-2.8362e-04,1.5583e+00,1.5583e+00,1.0000e+01,1.0000e+01,4.5417e-04,4.5402e-04,4.5402e-04,-2.8813e-04,-1.1100e-16,-2.8813e-04,
120,6.9300e+03,3.4920e+03,3.4380e+03,3.4650e+00,0.0000e+00,1.0160e+00,2.0000e+03,1.0000e+03,1.0000e+03,1.0000e+00,0.0000e+00,1.0000e+00,0.0000e+00,5.2180e-01,3.5274e-01,6.9152e-01,5.2357e-01,3.5556e-01,6.9152e-01,2.0667e+00,2.0667e+00,3.5000e+00,3.5000e+00,3.7265e-04,3.7253e-04,3.7253e-04,-2.4710e-04,-3.7000e-17,-2.4710e-04,1.5167e+00,1.5167e+00,1.0833e+01,1.0833e+01,3.8750e-04,3.8738e-04,3.8738e-04,-2.4210e-04,-3.7000e-17,-2.4210e-04,
125,6.9520e+03,3.5215e+03,3.4305e+03,3.4758e+00,0.0000e+00,1.0266e+00,2.0000e+03,1.0000e+03,1.0000e+03,1.0000e+00,0.0000e+00,1.0000e+00,0.0000e+00,5.1835e-01,3.5006e-01,6.9120e-01,5.2078e-01,3.5020e-01,6.9133e-01,2.1833e+00,2.1833e+00,3.3333e+00,3.3333e+00,4.8430e-04,4.8417e-04,4.8417e-04,-3.3203e-04,1.8500e-17,-3.3203e-04,1.6333e+00,1.6333e+00,9.5000e+00,9.5000e+00,4.9583e-04,4.9565e-04,4.9565e-04,-3.6512e-04,-7.4000e-17,-3.6512e-04,
130,6.9255e+03,3.4907e+03,3.4348e+03,3.4627e+00,0.0000e+00,1.0162e+00,2.0000e+03,1.0000e+03,1.0000e+03,1.0000e+00,0.0000e+00,1.0000e+00,0.0000e+00,5.1967e-01,3.4987e-01,6.9152e-01,5.2063e-01,3.4983e-01,6.9145e-01,2.0000e+00,2.0000e+00,4.5000e+00,4.5000e+00,3.6895e-04,3.6882e-04,3.6882e-04,-3.4707e-04,0.0000e+00,-3.4707e-04,1.5333e+00,1.5333e+00,1.0667e+01,1.0667e+01,4.1250e-04,4.1233e-04,4.1233e-04,-4.2356e-04,-1.4800e-16,-4.2356e-04,
135,6.9447e+03,3.4915e+03,3.4532e+03,3.4723e+00,0.0000e+00,1.0114e+00,2.0000e+03,1.0000e+03,1.0000e+03,1.0000e+00,0.0000e+00,1.0000e+00,0.0000e+00,5.2003e-01,3.4983e-01,6.9135e-01,5.2067e-01,3.4986e-01,6.9143e-01,2.1250e+00,2.1250e+00,4.0000e+00,4.0000e+00,3.9720e-04,3.9707e-04,3.9707e-04,-2.6723e-04,3.7000e-17,-2.6723e-04,1.5167e+00,1.5167e+00,1.0667e+01,1.0667e+01,4.4167e-04,4.4148e-04,4.4148e-04,-3.6532e-04,0.0000e+00,-3.6532e-04,
140,6.8820e+03,3.4607e+03,3.4213e+03,3.4410e+00,0.0000e+00,1.0117e+00,2.0000e+03,1.0000e+03,1.0000e+03,1.0000e+00,0.0000e+00,1.0000e+00,0.0000e+00,5.1990e-01,3.4996e-01,6.9133e-01,5.2062e-01,3.4997e-01,6.9130e-01,2.1167e+00,2.1167e+00,3.6667e+00,3.6667e+00,4.0742e-04,4.0730e-04,4.0730e-04,-2.8985e-04,-3.7000e-17,-2.8985e-04,1.6333e+00,1.6333e+00,9.1667e+00,9.1667e+00,4.5833e-04,4.5822e-04,4.5822e-04,-2.5788e-04,-1.8500e-16,-2.5788e-04,
145,6.8545e+03,3.4183e+03,3.4362e+03,3.4273e+00,0.0000e+00,9.9535e-01,2.0000e+03,1.0000e+03,1.0000e+03,1.0000e+00,0.0000e+00,1.0000e+00,0.0000e+00,5.2207e-01,3.4995e-01,6.9133e-01,5.2068e-01,3.4997e-01,6.9140e-01,2.0250e+00,2.0250e+00,4.1667e+00,4.1667e+00,3.7022e-04,3.7010e-04,3.7010e-04,-2.7888e-04,0.0000e+00,-2.7888e-04,1.5250e+00,1.5250e+00,1.0500e+01,1.0500e+01,4.7500e-04,4.7477e-04,4.7477e-04,-4.4768e-04,-1.4800e-16,-4.4768e-04,
150,6.8338e+03,3.4062e+03,3.4277e+03,3.4165e+00,0.0000e+00,9.9448e-01,2.0000e+03,1.0000e+03,1.0000e+03,1.0000e+00,0.0000e+00,1.0000e+00,0.0000e+00,5.2168e-01,3.4987e-01,6.9142e-01,5.2057e-01,3.4987e-01,6.9132e-01,2.0333e+00,2.0333e+00,3.5000e+00,3.5000e+00,3.8870e-04,3.8858e-04,3.8858e-04,-2.8265e-04,-7.4000e-17,-2.8265e-04,1.5000e+00,1.5000e+00,1.0500e+01,1.0500e+01,3.7917e-04,3.7907e-04,3.7907e-04,-2.2997e-04,-1.1100e-16,-2.2997e-04,
155,6.1575e+03,3.0792e+03,3.0783e+03,3.0787e+00,0.0000e+00,1.0009e+00,1.8023e+03,9.0000e+02,9.0233e+02,9.0117e-01,0.0000e+00,9.9720e-01,0.0000e+00,5.2228e-01,3.5520e-01,6.8817e-01,5.2517e-01,3.6023e-01,6.8898e-01,1.9917e+00,1.9917e+00,4.6667e+00,4.6667e+00,3.9763e-04,3.9748e-04,3.9748e-04,-3.1607e-04,-1.4800e-16,-3.1607e-04,1.4000e+00,1.4000e+00,1.2833e+01,1.2833e+01,3.3388e-04,3.3378e-04,3.3378e-04,-2.7434e-04,-3.7000e-17,-2.7434e-04,
160,5.7465e+03,2.8910e+03,2.8555e+03,2.8733e+00,0.0000e+00,1.0103e+00,1.6610e+03,8.3867e+02,8.2233e+02,8.3050e-01,0.0000e+00,1.0220e+00,0.0000e+00,5.2823e-01,3.6691e-01,6.9100e-01,5.2558e-01,3.6130e-01,6.9048e-01,1.9833e+00,1.9833e+00,5.1667e+00,5.1667e+00,4.1243e-04,4.1225e-04,4.1225e-04,-3.4527e-04,3.7000e-17,-3.4527e-04,1.4500e+00,1.4500e+00,1.2167e+01,1.2167e+01,3.6580e-04,3.6570e-04,3.6570e-04,-2.6558e-04,-3.7000e-17,-2.6558e-04,
165,5.2597e+03,2.6293e+03,2.6303e+03,2.6300e+00,0.0000e+00,9.9983e-01,1.5377e+03,7.6750e+02,7.7017e+02,7.6883e-01,0.0000e+00,9.8692e-01,0.0000e+00,5.3357e-01,3.8149e-01,6.8788e-01,5.2933e-01,3.7105e-01,6.8763e-01,1.8000e+00,1.8000e+00,6.8333e+00,6.8333e+00,3.8952e-04,3.8933e-04,3.8933e-04,-4.1725e-04,-5.5500e-17,-4.1725e-04,1.4000e+00,1.4000e+00,1.2833e+01,1.2833e+01,3.8167e-04,3.8152e-04,3.8152e-04,-3.9212e-04,1.8500e-17,-3.9212e-04,
170,4.8170e+03,2.3990e+03,2.4180e+03,2.4083e+00,0.0000e+00,9.9417e-01,1.3920e+03,6.9933e+02,6.9267e+02,6.9600e-01,0.0000e+00,1.0127e+00,0.0000e+00,5.2140e-01,3.5549e-01,6.8563e-01,5.2552e-01,3.6021e-01,6.8785e-01,1.8500e+00,1.8500e+00,6.5000e+00,6.5000e+00,3.4358e-04,3.4350e-04,3.4350e-04,-1.9977e-04,-1.1100e-16,-1.9977e-04,1.3083e+00,1.3083e+00,1.4500e+01,1.4500e+01,2.4078e-04,2.4072e-04,2.4072e-04,-1.1988e-04,0.0000e+00,-1.1988e-04,
175,4.6052e+03,2.3188e+03,2.2863e+03,2.3025e+00,0.0000e+00,1.0169e+00,1.3458e+03,6.6767e+02,6.7817e+02,6.7292e-01,0.0000e+00,9.8865e-01,0.0000e+00,5.1582e-01,3.5012e-01,6.8420e-01,5.2120e-01,3.5000e-01,6.8452e-01,1.7667e+00,1.7667e+00,7.5000e+00,7.5000e+00,3.8000e-04,3.7990e-04,3.7990e-04,-3.0657e-04,0.0000e+00,-3.0657e-04,1.3333e+00,1.3333e+00,1.3833e+01,1.3833e+01,3.7607e-04,3.7588e-04,3.7588e-04,-4.3307e-04,-1.8500e-17,-4.3307e-04,
180,4.6035e+03,2.2757e+03,2.3278e+03,2.3017e+00,0.0000e+00,9.8093e-01,1.3275e+03,6.6533e+02,6.6217e+02,6.6375e-01,0.0000e+00,1.0149e+00,0.0000e+00,5.1930e-01,3.4985e-01,6.8418e-01,5.1538e-01,3.4993e-01,6.8387e-01,1.8333e+00,1.8333e+00,6.6667e+00,6.6667e+00,4.5397e-04,4.5375e-04,4.5375e-04,-4.3942e-04,1.8500e-17,-4.3942e-04,1.3583e+00,1.3583e+00,1.3833e+01,1.3833e+01,4.0420e-04,4.0402e-04,4.0402e-04,-4.3862e-04,-1.8500e-17,-4.3862e-04,
185,4.3540e+03,2.1792e+03,2.1748e+03,2.1768e+00,0.0000e+00,9.9670e-01,1.2730e+03,6.2817e+02,6.4483e+02,6.3650e-01,0.0000e+00,9.5360e-01,0.0000e+00,5.1757e-01,3.4991e-01,6.8395e-01,5.2067e-01,3.4998e-01,6.8397e-01,1.6667e+00,1.6667e+00,9.3333e+00,9.3333e+00,3.5629e-04,3.5609e-04,3.5609e-04,-3.2623e-04,-7.4000e-17,-3.2623e-04,1.3417e+00,1.3417e+00,1.3833e+01,1.3833e+01,4.2497e-04,4.2483e-04,4.2483e-04,-2.9753e-04,-9.2500e-17,-2.9753e-04,
190,4.2960e+03,2.1573e+03,2.1387e+03,2.1480e+00,0.0000e+00,1.0098e+00,1.2432e+03,6.1917e+02,6.2400e+02,6.2158e-01,0.0000e+00,9.5448e-01,0.0000e+00,5.1757e-01,3.4969e-01,6.8388e-01,5.1722e-01,3.4965e-01,6.8397e-01,1.7083e+00,1.7083e+00,9.1667e+00,9.1667e+00,3.0468e-04,3.0462e-04,3.0462e-04,-2.3671e-04,-3.7000e-17,-2.3671e-04,1.3583e+00,1.3583e+00,1.4167e+01,1.4167e+01,4.6223e-04,4.6177e-04,4.6177e-04,-7.0315e-04,0.0000e+00,-7.0315e-04,
195,4.1930e+03,2.1128e+03,2.0802e+03,2.0965e+00,0.0000e+00,9.9737e-01,1.1997e+03,6.0383e+02,5.9583e+02,5.9983e-01,0.0000e+00,1.0670e+00,0.0000e+00,5.1595e-01,3.5005e-01,6.8383e-01,5.1370e-01,3.4995e-01,6.8372e-01,1.7500e+00,1.7500e+00,7.8333e+00,7.8333e+00,4.2842e-04,4.2817e-04,4.2817e-04,-3.9455e-04,0.0000e+00,-3.9455e-04,1.3750e+00,1.3750e+00,1.3000e+01,1.3000e+01,4.2965e-04,4.2955e-04,4.2955e-04,-1.6722e-04,3.7000e-17,-1.6722e-04,
200,2.4315e+03,1.2143e+03,1.2172e+03,1.2158e+00,0.0000e+00,1.0914e+00,1.2063e+03,6.1200e+02,5.9433e+02,6.0317e-01,0.0000e+00,1.0700e+00,0.0000e+00,5.1262e-01,3.5006e-01,6.8383e-01,5.1193e-01,3.5001e-01,6.8387e-01,1.6000e+00,1.6000e+00,9.1667e+00,9.1667e+00,5.0535e-04,5.0527e-04,5.0527e-04,-2.0508e-04,-5.5500e-17,-2.0508e-04,1.3500e+00,1.3500e+00,1.3667e+01,1.3667e+01,3.3002e-04,3.2988e-04,3.2988e-04,-2.5842e-04,-3.7000e-17,-2.5842e-04,
205,3.8123e+03,1.9215e+03,1.8908e+03,1.9062e+00,0.0000e+00,1.0163e+00,1.9807e+03,9.9367e+02,9.8700e+02,9.9033e-01,0.0000e+00,1.0072e+00,0.0000e+00,5.1572e-01,3.4997e-01,6.8383e-01,5.1632e-01,3.4997e-01,6.8398e-01,1.9417e+00,1.9417e+00,4.6667e+00,4.6667e+00,4.4908e-04,4.4895e-04,4.4895e-04,-3.1352e-04,-7.4000e-17,-3.1352e-04,1.4333e+00,1.4333e+00,1.2167e+01,1.2167e+01,3.6398e-04,3.6383e-04,3.6383e-04,-3.1907e-04,-1.1100e-16,-3.1907e-04,
210,3.6327e+03,1.8155e+03,1.8172e+03,1.8162e+00,0.0000e+00,9.9738e-01,2.0000e+03,1.0000e+03,1.0000e+03,1.0000e+00,0.0000e+00,1.0000e+00,0.0000e+00,5.1795e-01,3.4996e-01,6.8388e-01,5.1692e-01,3.4998e-01,6.8387e-01,1.7333e+00,1.7333e+00,7.8333e+00,7.8333e+00,3.8567e-04,3.8558e-04,3.8558e-04,-2.5605e-04,0.0000e+00,-2.5605e-04,1.5500e+00,1.5500e+00,1.0667e+01,1.0667e+01,3.7083e-04,3.7075e-04,3.7075e-04,-1.9087e-04,-1.1100e-16,-1.9087e-04,
215,3.7880e+03,1.8922e+03,1.8958e+03,1.8942e+00,0.0000e+00,9.9855e-01,2.0000e+03,1.0000e+03,1.0000e+03,1.0000e+00,0.0000e+00,1.0000e+00,0.0000e+00,5.1775e-01,3.4975e-01,6.8395e-01,5.1672e-01,3.4963e-01,6.8382e-01,1.7917e+00,1.7917e+00,6.8333e+00,6.8333e+00,4.2081e-03,3.3247e-03,3.3247e-03,-4.8746e-02,3.7000e-17,-4.8746e-02,1.5500e+00,1.5500e+00,1.0500e+01,1.0500e+01,4.4758e-03,4.5174e-03,4.5174e-03,1.4510e-03,-1.8500e-16,1.4510e-03,
220,3.6065e+03,1.7772e+03,1.8293e+03,1.8033e+00,0.0000e+00,9.6798e-01,2.0000e+03,1.0000e+03,1.0000e+03,1.0000e+00,0.0000e+00,1.0000e+00,0.0000e+00,5.2107e-01,3.4983e-01,6.8390e-01,5.1685e-01,3.4983e-01,6.8385e-01,1.8167e+00,1.8167e+00,6.0000e+00,6.0000e+00,8.0590e-04,7.9647e-04,7.9647e-04,-3.7207e-03,5.5500e-17,-3.7207e-03,1.6750e+00,1.6750e+00,8.0000e+00,8.0000e+00,1.2417e-03,1.2083e-03,1.2083e-03,-7.4561e-03,-7.4000e-17,-7.4561e-03,
225,3.6052e+03,1.8097e+03,1.7955e+03,1.8025e+00,0.0000e+00,1.0127e+00,2.0000e+03,1.0000e+03,1.0000e+03,1.0000e+00,0.0000e+00,1.0000e+00,0.0000e+00,5.1710e-01,3.4987e-01,6.8390e-01,5.1677e-01,3.4986e-01,6.8367e-01,1.7833e+00,1.7833e+00,6.8333e+00,6.8333e+00,4.2485e-04,4.2473e-04,4.2473e-04,-2.8182e-04,-7.4000e-17,-2.8182e-04,1.6417e+00,1.6417e+00,9.1667e+00,9.1667e+00,4.7500e-04,4.7488e-04,4.7488e-04,-2.4778e-04,-1.1100e-16,-2.4778e-04,
230,3.6170e+03,1.8022e+03,1.8148e+03,1.8083e+00,0.0000e+00,9.9003e-01,2.0000e+03,1.0000e+03,1.0000e+03,1.0000e+00,0.0000e+00,1.0000e+00,0.0000e+00,5.1867e-01,3.4983e-01,6.8390e-01,5.1682e-01,3.4978e-01,6.8383e-01,1.8083e+00,1.8083e+00,6.6667e+00,6.6667e+00,4.6444e-03,4.5593e-03,4.5593e-03,-3.6477e-03,0.0000e+00,-3.6477e-03,1.4500e+00,1.4500e+00,1.1667e+01,1.1667e+01,4.4833e-03,4.4482e-03,4.4482e-03,-1.6547e-03,-1.1100e-16,-1.6547e-03,
235,3.6103e+03,1.8087e+03,1.8017e+03,1.8050e+00,0.0000e+00,1.0026e+00,2.0000e+03,1.0000e+03,1.0000e+03,1.0000e+00,0.0000e+00,1.0000e+00,0.0000e+00,5.1698e-01,3.4976e-01,6.8390e-01,5.1685e-01,3.4982e-01,6.8393e-01,1.8333e+00,1.8333e+00,6.6667e+00,6.6667e+00,4.5579e-03,4.5245e-03,4.5245e-03,-1.5723e-03,-5.5500e-17,-1.5723e-03,1.5917e+00,1.5917e+00,9.1667e+00,9.1667e+00,4.5542e-03,4.3740e-03,4.3740e-03,-7.7816e-03,-1.1100e-16,-7.7816e-03,
240,3.5288e+03,1.7675e+03,1.7613e+03,1.7645e+00,0.0000e+00,1.0050e+00,2.0000e+03,1.0000e+03,1.0000e+03,1.0000e+00,0.0000e+00,1.0000e+00,0.0000e+00,5.1675e-01,3.4973e-01,6.8380e-01,5.1687e-01,3.4984e-01,6.8388e-01,1.8250e+00,1.8250e+00,6.3333e+00,6.3333e+00,1.2077e-03,1.1691e-03,1.1691e-03,-7.9613e-03,0.0000e+00,-7.9613e-03,1.5750e+00,1.5750e+00,9.8333e+00,9.8333e+00,1.9375e-03,1.8012e-03,1.8012e-03,-1.6026e-02,-1.1100e-16,-1.6026e-02,
245,3.5698e+03,1.7908e+03,1.7790e+03,1.7852e+00,0.0000e+00,1.0077e+00,2.0000e+03,1.0000e+03,1.0000e+03,1.0000e+00,0.0000e+00,1.0000e+00,0.0000e+00,5.1618e-01,3.4990e-01,6.8392e-01,5.1692e-01,3.4991e-01,6.8395e-01,1.7167e+00,1.7167e+00,8.1667e+00,8.1667e+00,4.3605e-04,4.3577e-04,4.3577e-04,-4.8948e-04,-1.8500e-17,-4.8948e-04,1.4833e+00,1.4833e+00,1.1667e+01,1.1667e+01,4.5000e-04,4.4968e-04,4.4968e-04,-5.8618e-04,-7.4000e-17,-5.8618e-04,
250,3.5177e+03,1.7462e+03,1.7715e+03,1.7588e+00,0.0000e+00,9.8673e-01,2.0000e+03,1.0000e+03,1.0000e+03,1.0000e+00,0.0000e+00,1.0000e+00,0.0000e+00,5.1667e-01,3.4971e-01,6.8390e-01,5.1685e-01,3.4975e-01,6.8392e-01,1.7750e+00,1.7750e+00,7.0000e+00,7.0000e+00,3.6340e-04,3.6330e-04,3.6330e-04,-2.2345e-04,-5.5500e-17,-2.2345e-04,1.5500e+00,1.5500e+00,9.8333e+00,9.8333e+00,4.0833e-04,4.0822e-04,4.0822e-04,-2.0883e-04,-7.4000e-17,-2.0883e-04,
255,3.5555e+03,1.7603e+03,1.7952e+03,1.7778e+00,0.0000e+00,9.7907e-01,2.0000e+03,1.0000e+03,1.0000e+03,1.0000e+00,0.0000e+00,1.0000e+00,0.0000e+00,5.2002e-01,3.5264e-01,6.8383e-01,5.1983e-01,3.5578e-01,6.8392e-01,1.7500e+00,1.7500e+00,7.5000e+00,7.5000e+00,3.9220e-04,3.9212e-04,3.9212e-04,-2.9372e-04,-1.8500e-17,-2.9372e-04,1.5083e+00,1.5083e+00,1.1000e+01,1.1000e+01,3.8750e-04,3.8737e-04,3.8737e-04,-2.8680e-04,-1.4800e-16,-2.8680e-04,
260,3.5992e+03,1.7997e+03,1.7995e+03,1.7998e+00,0.0000e+00,1.0021e+00,2.0000e+03,1.0000e+03,1.0000e+03,1.0000e+00,0.0000e+00,1.0000e+00,0.0000e+00,5.1748e-01,3.5005e-01,6.8392e-01,5.1697e-01,3.5006e-01,6.8388e-01,1.7250e+00,1.7250e+00,7.5000e+00,7.5000e+00,4.5487e-03,3.5120e-03,3.5120e-03,-5.4649e-02,1.8500e-17,-5.4649e-02,1.5500e+00,1.5500e+00,9.8333e+00,9.8333e+00,4.0833e-04,4.0823e-04,4.0823e-04,-2.0901e-04,-3.7000e-17,-2.0901e-04,
265,3.6072e+03,1.8107e+03,1.7965e+03,1.8035e+00,0.0000e+00,1.0089e+00,2.0000e+03,1.0000e+03,1.0000e+03,1.0000e+00,0.0000e+00,1.0000e+00,0.0000e+00,5.1817e-01,3.5521e-01,6.8383e-01,5.1682e-01,3.4980e-01,6.8383e-01,1.8583e+00,1.8583e+00,6.0000e+00,6.0000e+00,8.9583e-03,7.6998e-03,7.6998e-03,-2.8772e-02,-1.4800e-16,-2.8772e-02,1.6083e+00,1.6083e+00,9.1667e+00,9.1667e+00,8.8700e-03,8.4016e-03,8.4016e-03,-9.8548e-03,-3.7000e-17,-9.8548e-03,
270,3.5900e+03,1.7738e+03,1.8162e+03,1.7952e+00,0.0000e+00,9.7697e-01,2.0000e+03,1.0000e+03,1.0000e+03,1.0000e+00,0.0000e+00,1.0000e+00,0.0000e+00,5.2557e-01,3.5971e-01,6.8378e-01,5.2152e-01,3.5908e-01,6.8395e-01,1.6583e+00,1.6583e+00,8.6667e+00,8.6667e+00,5.9515e-03,5.5231e-03,5.5231e-03,-1.3867e-02,0.0000e+00,-1.3867e-02,1.5667e+00,1.5667e+00,1.0500e+01,1.0500e+01,6.9208e-03,5.6341e-03,5.6341e-03,-4.0845e-02,-7.4000e-17,-4.0845e-02,
275,3.5918e+03,1.7703e+03,1.8215e+03,1.7960e+00,0.0000e+00,9.6850e-01,2.0000e+03,1.0000e+03,1.0000e+03,1.0000e+00,0.0000e+00,1.0000e+00,0.0000e+00,5.2282e-01,3.5624e-01,6.8445e-01,5.2400e-01,3.6237e-01,6.8560e-01,1.7000e+00,1.7000e+00,8.5000e+00,8.5000e+00,2.0217e-03,1.8553e-03,1.8553e-03,-1.7244e-02,3.7000e-17,-1.7244e-02,1.4833e+00,1.4833e+00,1.1167e+01,1.1167e+01,3.7875e-03,3.1257e-03,3.1257e-03,-3.9615e-02,-1.1100e-16,-3.9615e-02,
280,3.5892e+03,1.7898e+03,1.7993e+03,1.7945e+00,0.0000e+00,9.9818e-01,2.0000e+03,1.0000e+03,1.0000e+03,1.0000e+00,0.0000e+00,1.0000e+00,0.0000e+00,5.2890e-01,3.5757e-01,6.9787e-01,5.2340e-01,3.5501e-01,6.9182e-01,1.7417e+00,1.7417e+00,7.5000e+00,7.5000e+00,5.8658e-04,5.8413e-04,5.8413e-04,-1.7234e-03,-3.7000e-17,-1.7234e-03,1.5250e+00,1.5250e+00,1.0667e+01,1.0667e+01,9.1250e-04,8.9442e-04,8.9442e-04,-5.2833e-03,-7.4000e-17,-5.2833e-03,
285,3.5865e+03,1.8072e+03,1.7793e+03,1.7932e+00,0.0000e+00,1.0218e+00,2.0000e+03,1.0000e+03,1.0000e+03,1.0000e+00,0.0000e+00,1.0000e+00,0.0000e+00,5.2223e-01,3.5407e-01,6.9633e-01,5.2835e-01,3.5797e-01,6.9872e-01,1.7750e+00,1.7750e+00,6.5000e+00,6.5000e+00,4.0722e-04,4.0708e-04,4.0708e-04,-2.7486e-04,-5.5500e-17,-2.7486e-04,1.5250e+00,1.5250e+00,1.0500e+01,1.0500e+01,4.1250e-04,4.1237e-04,4.1237e-04,-3.1485e-04,-7.4000e-17,-3.1485e-04,
290,3.6080e+03,1.8083e+03,1.7997e+03,1.8042e+00,0.0000e+00,1.0097e+00,2.0000e+03,1.0000e+03,1.0000e+03,1.0000e+00,0.0000e+00,1.0000e+00,0.0000e+00,5.3305e-01,3.6492e-01,7.0407e-01,5.3145e-01,3.5914e-01,7.0377e-01,1.8250e+00,1.8250e+00,6.6667e+00,6.6667e+00,3.4178e-03,2.8728e-03,2.8728e-03,-3.6108e-02,0.0000e+00,-3.6108e-02,1.5000e+00,1.5000e+00,1.1167e+01,1.1167e+01,4.5033e-03,4.2649e-03,4.2649e-03,-1.0274e-02,-1.4800e-16,-1.0274e-02,
295,3.5972e+03,1.7877e+03,1.8095e+03,1.7987e+00,0.0000e+00,9.8837e-01,2.0000e+03,1.0000e+03,1.0000e+03,1.0000e+00,0.0000e+00,1.0000e+00,0.0000e+00,5.2717e-01,3.4780e-01,7.0425e-01,5.2493e-01,3.4568e-01,7.0418e-01,1.6833e+00,1.6833e+00,9.0000e+00,9.0000e+00,1.5875e-03,1.4971e-03,1.4971e-03,-1.2514e-02,3.7000e-17,-1.2514e-02,1.5000e+00,1.5000e+00,1.0833e+01,1.0833e+01,2.9008e-03,2.5091e-03,2.5091e-03,-2.9525e-02,-1.4800e-16,-2.9525e-02,
300,3.6037e+03,1.8052e+03,1.7985e+03,1.8017e+00,0.0000e+00,1.0039e+00,2.0000e+03,1.0000e+03,1.0000e+03,1.0000e+00,0.0000e+00,1.0000e+00,0.0000e+00,5.2498e-01,3.4617e-01,7.0432e-01,5.2340e-01,3.4251e-01,7.0428e-01,1.6917e+00,1.6917e+00,8.5000e+00,8.5000e+00,1.3726e-03,1.3045e-03,1.3045e-03,-1.1019e-02,5.5500e-17,-1.1019e-02,1.5083e+00,1.5083e+00,1.1000e+01,1.1000e+01,2.5000e-03,2.2315e-03,2.2315e-03,-2.3869e-02,-2.2200e-16,-2.3869e-02,
305,1.7512e+03,8.9217e+02,8.5900e+02,8.7567e-01,0.0000e+00,8.6620e-01,9.1317e+02,4.5667e+02,4.5650e+02,4.5658e-01,0.0000e+00,8.3487e-01,0.0000e+00,4.2177e-01,2.8758e-01,5.6458e-01,4.2252e-01,2.7429e-01,5.6445e-01,1.2083e+00,1.2083e+00,9.6667e+00,9.6667e+00,3.3038e-04,3.3023e-04,3.3023e-04,-3.6130e-04,0.0000e+00,-3.6130e-04,1.0750e+00,1.0750e+00,1.2333e+01,1.2333e+01,3.4167e-04,3.4082e-04,3.4082e-04,-9.3963e-04,0.0000e+00,-9.3963e-04,
310,1.6222e+03,8.2267e+02,7.9950e+02,8.1125e-01,0.0000e+00,8.5738e-01,8.4817e+02,4.1967e+02,4.2850e+02,4.2408e-01,0.0000e+00,8.1623e-01,0.0000e+00,4.2727e-01,2.8962e-01,5.6460e-01,4.2260e-01,2.7804e-01,5.6458e-01,1.1583e+00,1.1583e+00,1.1333e+01,1.1333e+01,2.2704e-03,2.0237e-03,2.0237e-03,-2.2469e-02,1.8500e-17,-2.2469e-02,1.0417e+00,1.0417e+00,1.2667e+01,1.2667e+01,4.2864e-03,3.2981e-03,3.2981e-03,-5.2121e-02,-7.4000e-17,-5.2121e-02,
315,1.4090e+03,7.1933e+02,6.8967e+02,7.0458e-01,0.0000e+00,6.9463e-01,7.1883e+02,3.6317e+02,3.5567e+02,3.5942e-01,0.0000e+00,6.8233e-01,0.0000e+00,3.5290e-01,2.5038e-01,4.6240e-01,3.5358e-01,2.4130e-01,4.6283e-01,9.6667e-01,9.6667e-01,7.8333e+00,7.8333e+00,2.6550e-04,2.6537e-04,2.6537e-04,-2.4609e-04,1.8500e-17,-2.4609e-04,8.8333e-01,8.8333e-01,9.3333e+00,9.3333e+00,2.9503e-04,2.9483e-04,2.9483e-04,-3.0860e-04,-7.4000e-17,-3.0860e-04,
320,1.1278e+03,5.7267e+02,5.5517e+02,5.6383e-01,0.0000e+00,5.1583e-01,5.5000e+02,2.8650e+02,2.6350e+02,2.7500e-01,0.0000e+00,5.4367e-01,0.0000e+00,2.4038e-01,1.3585e-01,3.4908e-01,2.3873e-01,1.3570e-01,3.4917e-01,7.8333e-01,7.8333e-01,4.8333e+00,4.8333e+00,2.1400e-04,2.1395e-04,2.1395e-04,-1.3897e-04,3.7000e-17,-1.3897e-04,7.0000e-01,7.0000e-01,6.1667e+00,6.1667e+00,2.3485e-04,2.3480e-04,2.3480e-04,-1.1495e-04,-1.1100e-16,-1.1495e-04,
325,1.0952e+03,5.5383e+02,5.4133e+02,5.4750e-01,0.0000e+00,5.1150e-01,5.5000e+02,2.7867e+02,2.7133e+02,2.7500e-01,0.0000e+00,5.1350e-01,0.0000e+00,2.4102e-01,1.3638e-01,3.4927e-01,2.4097e-01,1.3632e-01,3.4913e-01,7.2500e-01,7.2500e-01,5.8333e+00,5.8333e+00,1.8617e-04,1.8610e-04,1.8610e-04,-2.0245e-04,-3.7000e-17,-2.0245e-04,6.5000e-01,6.5000e-01,7.1667e+00,7.1667e+00,2.0455e-04,2.0447e-04,2.0447e-04,-2.1990e-04,-3.7000e-17,-2.1990e-04,
330,1.0628e+03,5.3450e+02,5.2833e+02,5.3150e-01,0.0000e+00,5.0573e-01,5.5000e+02,2.6983e+02,2.8017e+02,2.7500e-01,0.0000e+00,4.8303e-01,0.0000e+00,2.4255e-01,1.3626e-01,3.4930e-01,2.4385e-01,1.3625e-01,3.4913e-01,7.9167e-01,7.9167e-01,4.8333e+00,4.8333e+00,1.9362e-04,1.9358e-04,1.9358e-04,-8.8380e-05,3.7000e-17,-8.8380e-05,6.5833e-01,6.5833e-01,7.0000e+00,7.0000e+00,1.6665e-04,1.6665e-04,1.6665e-04,-5.8767e-05,-3.7000e-17,-5.8767e-05,
335,1.0905e+03,5.4300e+02,5.4750e+02,5.4533e-01,0.0000e+00,4.9612e-01,5.5000e+02,2.7717e+02,2.7283e+02,2.7500e-01,0.0000e+00,5.0800e-01,0.0000e+00,2.4143e-01,1.3644e-01,3.4918e-01,2.4263e-01,1.3641e-01,3.4918e-01,6.9167e-01,6.9167e-01,6.1667e+00,6.1667e+00,1.7585e-04,1.7577e-04,1.7577e-04,-1.9310e-04,-3.7000e-17,-1.9310e-04,6.3333e-01,6.3333e-01,7.5000e+00,7.5000e+00,1.5152e-04,1.5148e-04,1.5148e-04,-1.2280e-04,-3.7000e-17,-1.2280e-04,
340,1.0657e+03,5.4467e+02,5.2100e+02,5.3300e-01,0.0000e+00,5.2333e-01,5.5000e+02,2.7150e+02,2.7850e+02,2.7500e-01,0.0000e+00,4.8758e-01,0.0000e+00,2.4243e-01,1.3633e-01,3.4913e-01,2.4480e-01,1.3637e-01,3.4935e-01,8.0000e-01,8.0000e-01,4.5000e+00,4.5000e+00,2.1487e-04,2.1483e-04,2.1483e-04,-1.0392e-04,1.8500e-17,-1.0392e-04,7.0000e-01,7.0000e-01,6.3333e+00,6.3333e+00,2.3483e-04,2.3477e-04,2.3477e-04,-1.3100e-04,-7.4000e-17,-1.3100e-04,
345,1.0768e+03,5.4517e+02,5.3167e+02,5.3833e-01,0.0000e+00,5.1288e-01,5.5000e+02,2.7517e+02,2.7483e+02,2.7500e-01,0.0000e+00,5.0063e-01,0.0000e+00,2.4347e-01,1.3626e-01,3.5222e-01,2.4632e-01,1.3625e-01,3.5523e-01,7.3333e-01,7.3333e-01,5.6667e+00,5.6667e+00,1.8957e-04,1.8950e-04,1.8950e-04,-1.8890e-04,1.8500e-17,-1.8890e-04,6.2500e-01,6.2500e-01,7.6667e+00,7.6667e+00,1.5150e-04,1.5147e-04,1.5147e-04,-1.3275e-04,-3.7000e-17,-1.3275e-04,
350,1.0570e+03,5.1517e+02,5.4183e+02,5.2850e-01,0.0000e+00,4.7530e-01,5.5000e+02,2.6917e+02,2.8083e+02,2.7500e-01,0.0000e+00,4.7970e-01,0.0000e+00,2.5463e-01,1.3646e-01,3.7045e-01,2.5068e-01,1.3638e-01,3.6107e-01,7.5000e-01,7.5000e-01,5.6667e+00,5.6667e+00,1.9617e-04,1.9605e-04,1.9605e-04,-2.2960e-04,0.0000e+00,-2.2960e-04,6.0833e-01,6.0833e-01,8.3333e+00,8.3333e+00,1.2120e-04,1.2117e-04,1.2117e-04,-1.3277e-04,0.0000e+00,-1.3277e-04,
355,1.0643e+03,5.2333e+02,5.4100e+02,5.3217e-01,0.0000e+00,4.8358e-01,5.4650e+02,2.7033e+02,2.7617e+02,2.7325e-01,0.0000e+00,4.9013e-01,0.0000e+00,2.5958e-01,1.3627e-01,3.8130e-01,2.5933e-01,1.3626e-01,3.8092e-01,7.5000e-01,7.5000e-01,5.6667e+00,5.6667e+00,1.8098e-04,1.8093e-04,1.8093e-04,-1.2002e-04,0.0000e+00,-1.2002e-04,6.2500e-01,6.2500e-01,7.5000e+00,7.5000e+00,1.3755e-04,1.3752e-04,1.3752e-04,-6.0333e-05,0.0000e+00,-6.0333e-05,
360,1.0967e+03,5.4300e+02,5.5367e+02,5.4833e-01,0.0000e+00,4.9040e-01,5.5000e+02,2.7933e+02,2.7067e+02,2.7500e-01,0.0000e+00,5.1600e-01,0.0000e+00,2.6013e-01,1.3619e-01,3.8152e-01,2.5688e-01,1.3617e-01,3.8142e-01,7.5833e-01,7.5833e-01,5.6667e+00,5.6667e+00,1.7082e-04,1.7078e-04,1.7078e-04,-1.1363e-04,0.0000e+00,-1.1363e-04,6.2500e-01,6.2500e-01,7.6667e+00,7.6667e+00,1.5908e-04,1.5903e-04,1.5903e-04,-2.0230e-04,-7.4000e-17,-2.0230e-04,
365,1.0567e+03,5.4483e+02,5.1183e+02,5.2850e-01,0.0000e+00,5.3217e-01,5.5000e+02,2.6900e+02,2.8100e+02,2.7500e-01,0.0000e+00,4.7883e-01,0.0000e+00,2.5437e-01,1.3595e-01,3.8148e-01,2.6080e-01,1.3570e-01,3.8138e-01,7.6667e-01,7.6667e-01,5.3333e+00,5.3333e+00,2.1028e-04,2.1020e-04,2.1020e-04,-1.4115e-04,0.0000e+00,-1.4115e-04,6.9167e-01,6.9167e-01,6.5000e+00,6.5000e+00,1.9697e-04,1.9693e-04,1.9693e-04,-5.9750e-05,0.0000e+00,-5.9750e-05,
370,1.1070e+03,5.6983e+02,5.3717e+02,5.5350e-01,0.0000e+00,5.3083e-01,5.5000e+02,2.8183e+02,2.6817e+02,2.7500e-01,0.0000e+00,5.2617e-01,0.0000e+00,2.5628e-01,1.3627e-01,3.8153e-01,2.5548e-01,1.3639e-01,3.8152e-01,7.7500e-01,7.7500e-01,5.3333e+00,5.3333e+00,1.8825e-04,1.8818e-04,1.8818e-04,-1.2294e-04,3.7000e-17,-1.2294e-04,6.7500e-01,6.7500e-01,6.5000e+00,6.5000e+00,1.8940e-04,1.8935e-04,1.8935e-04,-8.8517e-05,-7.4000e-17,-8.8517e-05,
375,1.0643e+03,5.2800e+02,5.3633e+02,5.3217e-01,0.0000e+00,4.9203e-01,5.5000e+02,2.7067e+02,2.7933e+02,2.7500e-01,0.0000e+00,4.8510e-01,0.0000e+00,2.5947e-01,1.3636e-01,3.8157e-01,2.5897e-01,1.3636e-01,3.8150e-01,8.4167e-01,8.4167e-01,4.1667e+00,4.1667e+00,2.4378e-04,2.4370e-04,2.4370e-04,-1.2742e-04,0.0000e+00,-1.2742e-04,6.2500e-01,6.2500e-01,7.5000e+00,7.5000e+00,1.9698e-04,1.9687e-04,1.9687e-04,-2.3707e-04,-3.7000e-17,-2.3707e-04,
380,1.9610e+03,9.8067e+02,9.8033e+02,9.8067e-01,0.0000e+00,5.0073e-01,1.0000e+03,5.0000e+02,5.0000e+02,5.0000e-01,0.0000e+00,5.0000e-01,0.0000e+00,2.5840e-01,1.3622e-01,3.7862e-01,2.5747e-01,1.3622e-01,3.7873e-01,9.0833e-01,9.0833e-01,3.1667e+00,3.1667e+00,1.8082e-04,1.8078e-04,1.8078e-04,-1.0520e-04,-3.7000e-17,-1.0520e-04,7.7500e-01,7.7500e-01,5.6667e+00,5.6667e+00,1.8750e-04,1.8745e-04,1.8745e-04,-1.1540e-04,-7.4000e-17,-1.1540e-04,
385,1.9620e+03,9.7217e+02,9.8983e+02,9.8100e-01,0.0000e+00,4.9110e-01,1.0000e+03,5.0000e+02,5.0000e+02,5.0000e-01,0.0000e+00,5.0000e-01,0.0000e+00,2.5605e-01,1.3636e-01,3.7542e-01,2.5603e-01,1.3643e-01,3.7565e-01,8.7500e-01,8.7500e-01,3.6667e+00,3.6667e+00,1.7638e-04,1.7633e-04,1.7633e-04,-1.1860e-04,3.7000e-17,-1.1860e-04,7.8333e-01,7.8333e-01,5.0000e+00,5.0000e+00,2.2083e-04,2.2077e-04,2.2077e-04,-1.6525e-04,-1.1100e-16,-1.6525e-04,
390,1.9667e+03,9.8017e+02,9.8650e+02,9.8333e-01,0.0000e+00,4.9697e-01,1.0000e+03,5.0000e+02,5.0000e+02,5.0000e-01,0.0000e+00,5.0000e-01,0.0000e+00,2.5808e-01,1.3624e-01,3.7883e-01,2.5778e-01,1.3618e-01,3.7938e-01,9.0000e-01,9.0000e-01,3.3333e+00,3.3333e+00,2.0118e-04,2.0112e-04,2.0112e-04,-1.3162e-04,-1.1100e-16,-1.3162e-04,8.1667e-01,8.1667e-01,4.5000e+00,4.5000e+00,2.2083e-04,2.2080e-04,2.2080e-04,-9.0517e-05,-3.7000e-17,-9.0517e-05,
395,1.9628e+03,9.7200e+02,9.9083e+02,9.8150e-01,0.0000e+00,4.9103e-01,1.0000e+03,5.0000e+02,5.0000e+02,5.0000e-01,0.0000e+00,5.0000e-01,0.0000e+00,2.5890e-01,1.3625e-01,3.7708e-01,2.5607e-01,1.3621e-01,3.7592e-01,9.2500e-01,9.2500e-01,3.3333e+00,3.3333e+00,2.3340e-04,2.3333e-04,2.3333e-04,-1.6292e-04,1.8500e-17,-1.6292e-04,8.5000e-01,8.5000e-01,4.3333e+00,4.3333e+00,2.4167e-04,2.4162e-04,2.4162e-04,-1.0478e-04,0.0000e+00,-1.0478e-04,
400,1.9617e+03,9.7267e+02,9.8900e+02,9.8083e-01,0.0000e+00,4.9207e-01,1.0000e+03,5.0000e+02,5.0000e+02,5.0000e-01,0.0000e+00,5.0000e-01,0.0000e+00,2.5968e-01,1.3626e-01,3.7983e-01,2.5722e-01,1.3627e-01,3.7813e-01,9.4167e-01,9.4167e-01,2.8333e+00,2.8333e+00,2.0177e-04,2.0172e-04,2.0172e-04,-1.4008e-04,0.0000e+00,-1.4008e-04,6.9167e-01,6.9167e-01,6.1667e+00,6.1667e+00,1.5833e-04,1.5828e-04,1.5828e-04,-1.3245e-04,-7.4000e-17,-1.3245e-04,
405,1.9637e+03,9.6467e+02,9.9900e+02,9.8183e-01,0.0000e+00,4.8332e-01,1.0000e+03,5.0000e+02,5.0000e+02,5.0000e-01,0.0000e+00,5.0000e-01,0.0000e+00,2.5972e-01,1.3626e-01,3.7833e-01,2.5732e-01,1.3633e-01,3.7832e-01,9.6667e-01,9.6667e-01,2.3333e+00,2.3333e+00,4.4617e-03,3.5717e-03,3.5717e-03,-4.3974e-02,7.4000e-17,-4.3974e-02,8.1667e-01,8.1667e-01,4.5000e+00,4.5000e+00,8.6667e-04,8.4390e-04,8.4390e-04,-6.1008e-03,-1.1100e-16,-6.1008e-03,
410,1.9657e+03,9.9533e+02,9.7033e+02,9.8283e-01,0.0000e+00,5.1300e-01,1.0000e+03,5.0000e+02,5.0000e+02,5.0000e-01,0.0000e+00,5.0000e-01,0.0000e+00,2.5673e-01,1.3626e-01,3.8018e-01,2.5770e-01,1.3629e-01,3.7907e-01,9.7500e-01,9.7500e-01,2.6667e+00,2.6667e+00,1.5057e-03,1.4038e-03,1.4038e-03,-1.3636e-02,0.0000e+00,-1.3636e-02,7.1667e-01,7.1667e-01,5.8333e+00,5.8333e+00,3.0042e-03,2.5224e-03,2.5224e-03,-3.3399e-02,-7.4000e-17,-3.3399e-02,
415,1.9658e+03,9.8500e+02,9.8083e+02,9.8300e-01,0.0000e+00,5.0217e-01,1.0000e+03,5.0000e+02,5.0000e+02,5.0000e-01,0.0000e+00,5.0000e-01,0.0000e+00,2.5855e-01,1.3627e-01,3.8147e-01,2.5883e-01,1.3624e-01,3.8145e-01,9.0000e-01,9.0000e-01,3.1667e+00,3.1667e+00,8.0853e-04,7.8632e-04,7.8632e-04,-5.8665e-03,0.0000e+00,-5.8665e-03,8.3333e-01,8.3333e-01,4.1667e+00,4.1667e+00,1.5625e-03,1.4586e-03,1.4586e-03,-1.3615e-02,-7.4000e-17,-1.3615e-02,
420,1.9637e+03,9.9067e+02,9.7300e+02,9.8183e-01,0.0000e+00,5.0965e-01,1.0000e+03,5.0000e+02,5.0000e+02,5.0000e-01,0.0000e+00,5.0000e-01,0.0000e+00,2.5887e-01,1.3627e-01,3.8155e-01,2.5885e-01,1.3622e-01,3.8147e-01,8.9167e-01,8.9167e-01,3.1667e+00,3.1667e+00,2.0255e-04,2.0252e-04,2.0252e-04,-1.3593e-04,-1.8500e-17,-1.3593e-04,7.2500e-01,7.2500e-01,6.0000e+00,6.0000e+00,2.2917e-04,2.2900e-04,2.2900e-04,-2.7442e-04,-3.7000e-17,-2.7442e-04,
425,1.9648e+03,9.8700e+02,9.7783e+02,9.8250e-01,0.0000e+00,5.0498e-01,1.0000e+03,5.0000e+02,5.0000e+02,5.0000e-01,0.0000e+00,5.0000e-01,0.0000e+00,2.5905e-01,1.3629e-01,3.8148e-01,2.5883e-01,1.3629e-01,3.8140e-01,9.5833e-01,9.5833e-01,2.1667e+00,2.1667e+00,2.3753e-03,2.0986e-03,2.0986e-03,-2.3739e-02,-1.8500e-17,-2.3739e-02,7.3333e-01,7.3333e-01,6.0000e+00,6.0000e+00,4.4425e-03,3.3475e-03,3.3475e-03,-5.6433e-02,-3.7000e-17,-5.6433e-02,
430,1.9635e+03,9.8417e+02,9.7933e+02,9.8183e-01,0.0000e+00,5.0243e-01,1.0000e+03,5.0000e+02,5.0000e+02,5.0000e-01,0.0000e+00,5.0000e-01,0.0000e+00,2.5813e-01,1.3628e-01,3.8150e-01,2.5885e-01,1.3639e-01,3.8133e-01,9.5000e-01,9.5000e-01,2.8333e+00,2.8333e+00,2.8497e-04,2.8470e-04,2.8470e-04,-3.6573e-04,0.0000e+00,-3.6573e-04,8.5000e-01,8.5000e-01,4.0000e+00,4.0000e+00,3.0000e-04,2.9960e-04,2.9960e-04,-4.7090e-04,-1.1100e-16,-4.7090e-04,
435,1.9632e+03,9.8567e+02,9.7750e+02,9.8150e-01,0.0000e+00,5.0427e-01,1.0000e+03,5.0000e+02,5.0000e+02,5.0000e-01,0.0000e+00,5.0000e-01,0.0000e+00,2.5797e-01,1.3634e-01,3.8152e-01,2.5900e-01,1.3645e-01,3.8157e-01,8.9167e-01,8.9167e-01,3.1667e+00,3.1667e+00,2.2113e-04,2.2105e-04,2.2105e-04,-1.5917e-04,0.0000e+00,-1.5917e-04,8.3333e-01,8.3333e-01,4.3333e+00,4.3333e+00,2.2917e-04,2.2912e-04,2.2912e-04,-1.2212e-04,0.0000e+00,-1.2212e-04,
440,1.9618e+03,9.8017e+02,9.8167e+02,9.8083e-01,0.0000e+00,4.9917e-01,1.0000e+03,5.0000e+02,5.0000e+02,5.0000e-01,0.0000e+00,5.0000e-01,0.0000e+00,2.5873e-01,1.3628e-01,3.8143e-01,2.5885e-01,1.3622e-01,3.8145e-01,9.3333e-01,9.3333e-01,3.1667e+00,3.1667e+00,4.4650e-03,3.3783e-03,3.3783e-03,-5.6143e-02,0.0000e+00,-5.6143e-02,8.0000e-01,8.0000e-01,4.6667e+00,4.6667e+00,2.1250e-04,2.1247e-04,2.1247e-04,-9.2183e-05,-3.7000e-17,-9.2183e-05,
445,1.9670e+03,9.8333e+02,9.8367e+02,9.8350e-01,0.0000e+00,4.9990e-01,1.0000e+03,5.0000e+02,5.0000e+02,5.0000e-01,0.0000e+00,5.0000e-01,0.0000e+00,2.5928e-01,1.3629e-01,3.8148e-01,2.5887e-01,1.3626e-01,3.8147e-01,8.7500e-01,8.7500e-01,4.0000e+00,4.0000e+00,3.8790e-04,3.8585e-04,3.8585e-04,-1.4741e-03,-1.8500e-17,-1.4741e-03,8.0000e-01,8.0000e-01,4.5000e+00,4.5000e+00,4.8333e-04,4.7878e-04,4.7878e-04,-2.2210e-03,-7.4000e-17,-2.2210e-03,
450,1.9680e+03,9.8417e+02,9.8383e+02,9.8417e-01,0.0000e+00,5.0098e-01,1.0000e+03,5.0000e+02,5.0000e+02,5.0000e-01,0.0000e+00,5.0000e-01,0.0000e+00,2.5973e-01,1.3628e-01,3.8150e-01,2.5888e-01,1.3620e-01,3.8157e-01,9.5833e-01,9.5833e-01,2.5000e+00,2.5000e+00,2.6207e-04,2.6195e-04,2.6195e-04,-1.8495e-04,-3.7000e-17,-1.8495e-04,7.6667e-01,7.6667e-01,5.5000e+00,5.5000e+00,2.0833e-04,2.0827e-04,2.0827e-04,-1.5307e-04,-1.1100e-16,-1.5307e-04,
